{"stats":{"minecraft:used":{"minecraft:hay_block":1,"minecraft:crafting_table":1,"minecraft:bread":3},"minecraft:dropped":{"minecraft:hay_block":2},"minecraft:custom":{"minecraft:open_barrel":1,"minecraft:time_since_rest":9204,"minecraft:crouch_one_cm":949,"minecraft:sprint_one_cm":34760,"minecraft:play_time":9204,"minecraft:walk_one_cm":12649,"minecraft:sneak_time":150,"minecraft:walk_under_water_one_cm":580,"minecraft:drop":2,"minecraft:jump":214,"minecraft:leave_game":1,"minecraft:time_since_death":9204,"minecraft:walk_on_water_one_cm":403,"minecraft:total_world_time":9204,"minecraft:swim_one_cm":1096,"minecraft:interact_with_crafting_table":3,"minecraft:fall_one_cm":7222,"minecraft:fly_one_cm":67108},"minecraft:picked_up":{"minecraft:crafting_table":1,"minecraft:bone":2,"minecraft:wheat_seeds":5,"minecraft:hay_block":15,"minecraft:oak_log":6},"minecraft:crafted":{"minecraft:oak_planks":24,"minecraft:crafting_table":1,"minecraft:bread":36,"minecraft:wheat":108},"minecraft:mined":{"minecraft:hay_block":11,"minecraft:oak_log":6,"minecraft:crafting_table":1,"minecraft:oak_leaves":2}},"DataVersion":3955}