{"stats":{"minecraft:used":{"minecraft:bread":6,"minecraft:poppy":2,"minecraft:stone_axe":13,"minecraft:hay_block":1,"minecraft:crafting_table":2,"minecraft:red_bed":1},"minecraft:dropped":{"minecraft:iron_ingot":3,"minecraft:bread":17,"minecraft:hay_block":2},"minecraft:custom":{"minecraft:time_since_rest":2400,"minecraft:sprint_one_cm":97901,"minecraft:damage_taken":180,"minecraft:walk_one_cm":44527,"minecraft:mob_kills":3,"minecraft:drop":20,"minecraft:damage_dealt":461,"minecraft:talked_to_villager":1,"minecraft:swim_one_cm":4970,"minecraft:interact_with_crafting_table":4,"minecraft:fly_one_cm":141031,"minecraft:open_barrel":1,"minecraft:open_chest":2,"minecraft:crouch_one_cm":982,"minecraft:play_time":21204,"minecraft:sneak_time":188,"minecraft:walk_under_water_one_cm":1200,"minecraft:jump":505,"minecraft:leave_game":1,"minecraft:walk_on_water_one_cm":1612,"minecraft:time_since_death":21204,"minecraft:sleep_in_bed":2,"minecraft:total_world_time":21204,"minecraft:fall_one_cm":14296},"minecraft:picked_up":{"minecraft:crafting_table":2,"minecraft:oak_log":6,"minecraft:string":1,"minecraft:red_bed":2,"minecraft:bone":3,"minecraft:wheat_seeds":5,"minecraft:hay_block":23,"minecraft:iron_ingot":6,"minecraft:poppy":2,"minecraft:bread":3,"minecraft:sugar_cane":4,"minecraft:cobblestone":15},"minecraft:killed":{"minecraft:skeleton":1,"minecraft:zombie":2},"minecraft:crafted":{"minecraft:oak_planks":24,"minecraft:crafting_table":1,"minecraft:stick":4,"minecraft:stone_pickaxe":1,"minecraft:stone_axe":1,"minecraft:bread":36,"minecraft:wheat":108},"minecraft:mined":{"minecraft:hay_block":19,"minecraft:red_bed":2,"minecraft:crafting_table":2,"minecraft:short_grass":3,"minecraft:oak_log":6,"minecraft:sugar_cane":3,"minecraft:oak_leaves":2}},"DataVersion":3955}