{"stats":{"minecraft:used":{"minecraft:oak_fence":19,"minecraft:diorite":2,"minecraft:stone_shovel":2,"minecraft:stone_pickaxe":130,"minecraft:oak_planks":128,"minecraft:poppy":6,"minecraft:shield":1,"minecraft:iron_sword":96,"minecraft:sugar_cane":12,"minecraft:oak_leaves":6,"minecraft:oak_door":4,"minecraft:torch":7,"minecraft:dirt":61,"minecraft:crafting_table":8,"minecraft:oak_slab":16,"minecraft:red_bed":3,"minecraft:crossbow":1,"minecraft:shears":9,"minecraft:cobbled_deepslate_stairs":25,"minecraft:oak_log":102,"minecraft:apple":7,"minecraft:oak_stairs":110,"minecraft:iron_axe":275,"minecraft:bread":43,"minecraft:iron_pickaxe":22,"minecraft:stone_axe":20,"minecraft:cobblestone":33,"minecraft:hay_block":1,"minecraft:glass_pane":9,"minecraft:egg":2,"minecraft:cobbled_deepslate":2},"minecraft:custom":{"minecraft:interact_with_furnace":5,"minecraft:mob_kills":18,"minecraft:interact_with_crafting_table":43,"minecraft:open_barrel":2,"minecraft:leave_game":6,"minecraft:time_since_death":110192,"minecraft:sleep_in_bed":4,"minecraft:time_since_rest":110217,"minecraft:sprint_one_cm":454036,"minecraft:damage_taken":2401,"minecraft:walk_one_cm":398888,"minecraft:damage_blocked_by_shield":60,"minecraft:drop":33,"minecraft:damage_dealt":6144,"minecraft:swim_one_cm":10074,"minecraft:talked_to_villager":3,"minecraft:fly_one_cm":464626,"minecraft:open_chest":17,"minecraft:crouch_one_cm":28349,"minecraft:play_time":151182,"minecraft:deaths":2,"minecraft:sneak_time":8226,"minecraft:walk_under_water_one_cm":3721,"minecraft:jump":2628,"minecraft:walk_on_water_one_cm":8070,"minecraft:total_world_time":151182,"minecraft:fall_one_cm":75940},"minecraft:picked_up":{"minecraft:crafting_table":9,"minecraft:lead":2,"minecraft:leather":1,"minecraft:oak_stairs":16,"minecraft:potato":5,"minecraft:oak_log":202,"minecraft:cobbled_deepslate_stairs":1,"minecraft:shield":1,"minecraft:red_bed":3,"minecraft:dirt":68,"minecraft:string":3,"minecraft:paper":5,"minecraft:bone":3,"minecraft:apple":8,"minecraft:wheat_seeds":20,"minecraft:gold_nugget":3,"minecraft:cobbled_deepslate":30,"minecraft:iron_ingot":24,"minecraft:stone_pickaxe":1,"minecraft:poppy":6,"minecraft:sugar_cane":12,"minecraft:iron_sword":2,"minecraft:birch_sapling":1,"minecraft:oak_planks":14,"minecraft:egg":2,"minecraft:oak_slab":2,"minecraft:stick":13,"minecraft:raw_iron":11,"minecraft:oak_door":2,"minecraft:torch":17,"minecraft:ink_sac":3,"minecraft:diorite":35,"minecraft:arrow":5,"minecraft:rotten_flesh":2,"minecraft:hay_block":67,"minecraft:crossbow":1,"minecraft:granite":4,"minecraft:bone_meal":9,"minecraft:emerald":4,"minecraft:bread":456,"minecraft:oak_sapling":18,"minecraft:oak_leaves":9,"minecraft:coal":10,"minecraft:cobblestone":72},"minecraft:killed_by":{"minecraft:skeleton":1,"minecraft:creeper":1},"minecraft:crafted":{"minecraft:oak_door":3,"minecraft:oak_slab":18,"minecraft:oak_planks":340,"minecraft:stone_shovel":1,"minecraft:cooked_porkchop":7,"minecraft:crafting_table":1,"minecraft:iron_sword":1,"minecraft:bone_meal":9,"minecraft:stone_axe":1,"minecraft:bread":192,"minecraft:iron_boots":1,"minecraft:iron_chestplate":1,"minecraft:shield":1,"minecraft:iron_axe":2,"minecraft:stick":44,"minecraft:iron_ingot":15,"minecraft:iron_pickaxe":2,"minecraft:stone_pickaxe":1,"minecraft:oak_stairs":96,"minecraft:iron_leggings":1,"minecraft:cobbled_deepslate_stairs":52,"minecraft:torch":20,"minecraft:oak_fence":21,"minecraft:shears":1,"minecraft:wheat":576},"minecraft:dropped":{"minecraft:iron_ingot":5,"minecraft:bread":158,"minecraft:porkchop":7,"minecraft:cooked_porkchop":7,"minecraft:hay_block":2,"minecraft:iron_pickaxe":1,"minecraft:paper":5},"minecraft:broken":{"minecraft:stone_pickaxe":1,"minecraft:iron_axe":1},"minecraft:killed":{"minecraft:iron_golem":4,"minecraft:wandering_trader":1,"minecraft:skeleton":4,"minecraft:trader_llama":2,"minecraft:zombie":5},"minecraft:mined":{"minecraft:oak_slab":2,"minecraft:red_bed":3,"minecraft:cobbled_deepslate_stairs":1,"minecraft:oak_door":2,"minecraft:crafting_table":7,"minecraft:granite":11,"minecraft:short_grass":27,"minecraft:grass_block":16,"minecraft:cobblestone":21,"minecraft:oak_planks":8,"minecraft:sugar_cane":7,"minecraft:diorite":16,"minecraft:hay_block":64,"minecraft:iron_ore":7,"minecraft:oak_log":202,"minecraft:coal_ore":10,"minecraft:deepslate_iron_ore":3,"minecraft:oak_stairs":16,"minecraft:dirt":44,"minecraft:stone":61,"minecraft:oak_leaves":60,"minecraft:deepslate":21,"minecraft:fern":1}},"DataVersion":3955}