{"stats":{"minecraft:used":{"minecraft:diorite":2,"minecraft:stone_pickaxe":110,"minecraft:poppy":2,"minecraft:shield":1,"minecraft:iron_sword":13,"minecraft:sugar_cane":5,"minecraft:torch":7,"minecraft:crafting_table":5,"minecraft:red_bed":3,"minecraft:bread":12,"minecraft:stone_axe":20,"minecraft:hay_block":1,"minecraft:cobbled_deepslate":2},"minecraft:dropped":{"minecraft:iron_ingot":5,"minecraft:bread":63,"minecraft:porkchop":7,"minecraft:cooked_porkchop":7,"minecraft:hay_block":2,"minecraft:iron_pickaxe":1,"minecraft:paper":5},"minecraft:custom":{"minecraft:interact_with_furnace":5,"minecraft:mob_kills":7,"minecraft:interact_with_crafting_table":13,"minecraft:open_barrel":1,"minecraft:leave_game":1,"minecraft:time_since_death":4214,"minecraft:sleep_in_bed":4,"minecraft:time_since_rest":4239,"minecraft:sprint_one_cm":177710,"minecraft:damage_taken":987,"minecraft:walk_one_cm":112059,"minecraft:damage_blocked_by_shield":60,"minecraft:drop":31,"minecraft:damage_dealt":1318,"minecraft:swim_one_cm":4970,"minecraft:talked_to_villager":2,"minecraft:fly_one_cm":179546,"minecraft:open_chest":3,"minecraft:crouch_one_cm":4729,"minecraft:play_time":45204,"minecraft:deaths":2,"minecraft:sneak_time":1377,"minecraft:walk_under_water_one_cm":1200,"minecraft:jump":909,"minecraft:walk_on_water_one_cm":1927,"minecraft:total_world_time":45204,"minecraft:fall_one_cm":26578},"minecraft:killed":{"minecraft:skeleton":3,"minecraft:zombie":4},"minecraft:picked_up":{"minecraft:crafting_table":7,"minecraft:potato":5,"minecraft:oak_log":6,"minecraft:shield":1,"minecraft:red_bed":3,"minecraft:string":3,"minecraft:dirt":6,"minecraft:paper":5,"minecraft:bone":3,"minecraft:apple":3,"minecraft:wheat_seeds":18,"minecraft:gold_nugget":3,"minecraft:cobbled_deepslate":13,"minecraft:iron_ingot":6,"minecraft:stone_pickaxe":1,"minecraft:poppy":2,"minecraft:sugar_cane":5,"minecraft:oak_planks":6,"minecraft:iron_sword":2,"minecraft:stick":8,"minecraft:raw_iron":11,"minecraft:torch":17,"minecraft:diorite":35,"minecraft:arrow":3,"minecraft:rotten_flesh":2,"minecraft:hay_block":67,"minecraft:granite":4,"minecraft:bone_meal":9,"minecraft:emerald":4,"minecraft:bread":392,"minecraft:coal":10,"minecraft:cobblestone":48},"minecraft:crafted":{"minecraft:oak_planks":24,"minecraft:cooked_porkchop":7,"minecraft:crafting_table":1,"minecraft:iron_sword":1,"minecraft:bone_meal":9,"minecraft:stone_axe":1,"minecraft:bread":192,"minecraft:iron_boots":1,"minecraft:shield":1,"minecraft:stick":16,"minecraft:iron_ingot":15,"minecraft:iron_pickaxe":2,"minecraft:stone_pickaxe":1,"minecraft:torch":20,"minecraft:wheat":576},"minecraft:killed_by":{"minecraft:skeleton":1,"minecraft:creeper":1},"minecraft:mined":{"minecraft:red_bed":3,"minecraft:crafting_table":5,"minecraft:granite":11,"minecraft:short_grass":5,"minecraft:sugar_cane":4,"minecraft:diorite":16,"minecraft:hay_block":64,"minecraft:iron_ore":7,"minecraft:oak_log":6,"minecraft:coal_ore":10,"minecraft:deepslate_iron_ore":3,"minecraft:dirt":5,"minecraft:stone":58,"minecraft:oak_leaves":2,"minecraft:deepslate":4,"minecraft:fern":1}},"DataVersion":3955}