{"stats":{"minecraft:used":{"minecraft:oak_fence":19,"minecraft:diorite":2,"minecraft:stone_shovel":2,"minecraft:stone_pickaxe":130,"minecraft:oak_planks":79,"minecraft:poppy":6,"minecraft:shield":1,"minecraft:iron_sword":82,"minecraft:sugar_cane":12,"minecraft:oak_leaves":6,"minecraft:oak_door":4,"minecraft:torch":7,"minecraft:dirt":32,"minecraft:oak_slab":16,"minecraft:crafting_table":8,"minecraft:red_bed":3,"minecraft:shears":9,"minecraft:oak_log":61,"minecraft:apple":2,"minecraft:oak_stairs":18,"minecraft:iron_axe":151,"minecraft:bread":33,"minecraft:stone_axe":20,"minecraft:hay_block":1,"minecraft:egg":2,"minecraft:cobbled_deepslate":2},"minecraft:custom":{"minecraft:interact_with_furnace":5,"minecraft:mob_kills":14,"minecraft:interact_with_crafting_table":34,"minecraft:open_barrel":2,"minecraft:leave_game":5,"minecraft:time_since_death":63040,"minecraft:sleep_in_bed":4,"minecraft:time_since_rest":63065,"minecraft:sprint_one_cm":333226,"minecraft:damage_taken":1911,"minecraft:walk_one_cm":270094,"minecraft:damage_blocked_by_shield":60,"minecraft:drop":33,"minecraft:damage_dealt":5384,"minecraft:talked_to_villager":2,"minecraft:swim_one_cm":7350,"minecraft:fly_one_cm":364408,"minecraft:open_chest":10,"minecraft:crouch_one_cm":6928,"minecraft:play_time":104030,"minecraft:deaths":2,"minecraft:sneak_time":1941,"minecraft:walk_under_water_one_cm":2538,"minecraft:jump":1987,"minecraft:walk_on_water_one_cm":4454,"minecraft:total_world_time":104030,"minecraft:fall_one_cm":55882},"minecraft:picked_up":{"minecraft:crafting_table":9,"minecraft:oak_stairs":4,"minecraft:potato":5,"minecraft:oak_log":119,"minecraft:shield":1,"minecraft:red_bed":3,"minecraft:string":3,"minecraft:dirt":46,"minecraft:paper":5,"minecraft:bone":3,"minecraft:apple":6,"minecraft:wheat_seeds":20,"minecraft:gold_nugget":3,"minecraft:cobbled_deepslate":30,"minecraft:iron_ingot":24,"minecraft:stone_pickaxe":1,"minecraft:poppy":6,"minecraft:sugar_cane":12,"minecraft:birch_sapling":1,"minecraft:oak_planks":13,"minecraft:iron_sword":2,"minecraft:egg":2,"minecraft:oak_slab":2,"minecraft:stick":12,"minecraft:raw_iron":11,"minecraft:oak_door":2,"minecraft:torch":17,"minecraft:ink_sac":3,"minecraft:diorite":35,"minecraft:arrow":5,"minecraft:rotten_flesh":2,"minecraft:hay_block":67,"minecraft:granite":4,"minecraft:bone_meal":9,"minecraft:bread":456,"minecraft:emerald":4,"minecraft:oak_sapling":14,"minecraft:oak_leaves":9,"minecraft:coal":10,"minecraft:cobblestone":51},"minecraft:killed_by":{"minecraft:skeleton":1,"minecraft:creeper":1},"minecraft:crafted":{"minecraft:oak_door":3,"minecraft:oak_slab":18,"minecraft:oak_planks":232,"minecraft:stone_shovel":1,"minecraft:cooked_porkchop":7,"minecraft:crafting_table":1,"minecraft:iron_sword":1,"minecraft:bone_meal":9,"minecraft:stone_axe":1,"minecraft:bread":192,"minecraft:iron_chestplate":1,"minecraft:iron_boots":1,"minecraft:shield":1,"minecraft:iron_axe":1,"minecraft:stick":44,"minecraft:iron_ingot":15,"minecraft:iron_pickaxe":2,"minecraft:stone_pickaxe":1,"minecraft:oak_stairs":16,"minecraft:cobbled_deepslate_stairs":12,"minecraft:iron_leggings":1,"minecraft:torch":20,"minecraft:oak_fence":21,"minecraft:shears":1,"minecraft:wheat":576},"minecraft:dropped":{"minecraft:iron_ingot":5,"minecraft:bread":158,"minecraft:porkchop":7,"minecraft:cooked_porkchop":7,"minecraft:hay_block":2,"minecraft:iron_pickaxe":1,"minecraft:paper":5},"minecraft:broken":{"minecraft:stone_pickaxe":1},"minecraft:killed":{"minecraft:iron_golem":4,"minecraft:skeleton":4,"minecraft:zombie":4},"minecraft:mined":{"minecraft:oak_slab":2,"minecraft:red_bed":3,"minecraft:oak_door":2,"minecraft:crafting_table":7,"minecraft:granite":11,"minecraft:short_grass":21,"minecraft:grass_block":14,"minecraft:oak_planks":7,"minecraft:sugar_cane":7,"minecraft:diorite":16,"minecraft:hay_block":64,"minecraft:iron_ore":7,"minecraft:coal_ore":10,"minecraft:oak_log":119,"minecraft:deepslate_iron_ore":3,"minecraft:oak_stairs":4,"minecraft:dirt":22,"minecraft:stone":61,"minecraft:oak_leaves":31,"minecraft:deepslate":21,"minecraft:fern":1}},"DataVersion":3955}