{"stats":{"minecraft:used":{"minecraft:diorite":2,"minecraft:stone_pickaxe":130,"minecraft:oak_planks":3,"minecraft:poppy":6,"minecraft:shield":1,"minecraft:iron_sword":82,"minecraft:sugar_cane":5,"minecraft:torch":7,"minecraft:dirt":21,"minecraft:crafting_table":7,"minecraft:red_bed":3,"minecraft:oak_log":16,"minecraft:iron_axe":37,"minecraft:bread":28,"minecraft:stone_axe":20,"minecraft:hay_block":1,"minecraft:egg":2,"minecraft:cobbled_deepslate":2},"minecraft:custom":{"minecraft:interact_with_furnace":5,"minecraft:mob_kills":14,"minecraft:interact_with_crafting_table":15,"minecraft:open_barrel":2,"minecraft:leave_game":5,"minecraft:time_since_death":33040,"minecraft:sleep_in_bed":4,"minecraft:time_since_rest":33065,"minecraft:sprint_one_cm":278944,"minecraft:damage_taken":1671,"minecraft:walk_one_cm":176922,"minecraft:damage_blocked_by_shield":60,"minecraft:drop":33,"minecraft:damage_dealt":5384,"minecraft:talked_to_villager":2,"minecraft:swim_one_cm":5451,"minecraft:fly_one_cm":321589,"minecraft:open_chest":8,"minecraft:crouch_one_cm":5368,"minecraft:play_time":74030,"minecraft:deaths":2,"minecraft:sneak_time":1534,"minecraft:walk_under_water_one_cm":2078,"minecraft:jump":1686,"minecraft:walk_on_water_one_cm":3284,"minecraft:total_world_time":74030,"minecraft:fall_one_cm":46216},"minecraft:picked_up":{"minecraft:crafting_table":9,"minecraft:potato":5,"minecraft:oak_log":34,"minecraft:shield":1,"minecraft:red_bed":3,"minecraft:string":3,"minecraft:dirt":36,"minecraft:paper":5,"minecraft:bone":3,"minecraft:apple":3,"minecraft:wheat_seeds":19,"minecraft:gold_nugget":3,"minecraft:cobbled_deepslate":30,"minecraft:iron_ingot":24,"minecraft:stone_pickaxe":1,"minecraft:poppy":6,"minecraft:sugar_cane":5,"minecraft:oak_planks":7,"minecraft:iron_sword":2,"minecraft:egg":2,"minecraft:stick":8,"minecraft:raw_iron":11,"minecraft:torch":17,"minecraft:diorite":35,"minecraft:arrow":5,"minecraft:rotten_flesh":2,"minecraft:hay_block":67,"minecraft:granite":4,"minecraft:bone_meal":9,"minecraft:bread":456,"minecraft:emerald":4,"minecraft:oak_sapling":1,"minecraft:coal":10,"minecraft:cobblestone":51},"minecraft:killed_by":{"minecraft:skeleton":1,"minecraft:creeper":1},"minecraft:crafted":{"minecraft:oak_planks":48,"minecraft:cooked_porkchop":7,"minecraft:crafting_table":1,"minecraft:iron_sword":1,"minecraft:bone_meal":9,"minecraft:stone_axe":1,"minecraft:bread":192,"minecraft:iron_chestplate":1,"minecraft:iron_boots":1,"minecraft:shield":1,"minecraft:iron_axe":1,"minecraft:stick":16,"minecraft:iron_ingot":15,"minecraft:iron_pickaxe":2,"minecraft:stone_pickaxe":1,"minecraft:iron_leggings":1,"minecraft:torch":20,"minecraft:wheat":576},"minecraft:dropped":{"minecraft:iron_ingot":5,"minecraft:bread":158,"minecraft:porkchop":7,"minecraft:cooked_porkchop":7,"minecraft:hay_block":2,"minecraft:iron_pickaxe":1,"minecraft:paper":5},"minecraft:broken":{"minecraft:stone_pickaxe":1},"minecraft:killed":{"minecraft:iron_golem":4,"minecraft:skeleton":4,"minecraft:zombie":4},"minecraft:mined":{"minecraft:red_bed":3,"minecraft:crafting_table":7,"minecraft:granite":11,"minecraft:short_grass":16,"minecraft:grass_block":6,"minecraft:oak_planks":1,"minecraft:sugar_cane":4,"minecraft:diorite":16,"minecraft:hay_block":64,"minecraft:iron_ore":7,"minecraft:coal_ore":10,"minecraft:oak_log":34,"minecraft:deepslate_iron_ore":3,"minecraft:dirt":20,"minecraft:stone":61,"minecraft:oak_leaves":9,"minecraft:deepslate":21,"minecraft:fern":1}},"DataVersion":3955}