{"stats":{"minecraft:mined":{"minecraft:red_bed":3,"minecraft:crafting_table":5,"minecraft:granite":11,"minecraft:short_grass":6,"minecraft:sugar_cane":4,"minecraft:diorite":16,"minecraft:hay_block":64,"minecraft:iron_ore":7,"minecraft:oak_log":6,"minecraft:coal_ore":10,"minecraft:deepslate_iron_ore":3,"minecraft:dirt":5,"minecraft:stone":61,"minecraft:oak_leaves":2,"minecraft:deepslate":21,"minecraft:fern":1},"minecraft:custom":{"minecraft:interact_with_furnace":5,"minecraft:mob_kills":9,"minecraft:interact_with_crafting_table":13,"minecraft:open_barrel":1,"minecraft:leave_game":3,"minecraft:time_since_death":13676,"minecraft:sleep_in_bed":4,"minecraft:time_since_rest":13701,"minecraft:sprint_one_cm":197621,"minecraft:damage_taken":1148,"minecraft:walk_one_cm":137641,"minecraft:damage_blocked_by_shield":60,"minecraft:drop":31,"minecraft:damage_dealt":1674,"minecraft:swim_one_cm":4970,"minecraft:talked_to_villager":2,"minecraft:fly_one_cm":200901,"minecraft:open_chest":3,"minecraft:crouch_one_cm":4729,"minecraft:play_time":54666,"minecraft:deaths":2,"minecraft:sneak_time":1377,"minecraft:walk_under_water_one_cm":1762,"minecraft:jump":1124,"minecraft:walk_on_water_one_cm":2710,"minecraft:total_world_time":54666,"minecraft:fall_one_cm":29127},"minecraft:broken":{"minecraft:stone_pickaxe":1},"minecraft:used":{"minecraft:diorite":2,"minecraft:stone_pickaxe":130,"minecraft:poppy":2,"minecraft:shield":1,"minecraft:iron_sword":20,"minecraft:sugar_cane":5,"minecraft:torch":7,"minecraft:crafting_table":5,"minecraft:red_bed":3,"minecraft:bread":16,"minecraft:stone_axe":20,"minecraft:hay_block":1,"minecraft:cobbled_deepslate":2},"minecraft:dropped":{"minecraft:iron_ingot":5,"minecraft:bread":63,"minecraft:porkchop":7,"minecraft:cooked_porkchop":7,"minecraft:hay_block":2,"minecraft:iron_pickaxe":1,"minecraft:paper":5},"minecraft:picked_up":{"minecraft:crafting_table":7,"minecraft:potato":5,"minecraft:oak_log":6,"minecraft:shield":1,"minecraft:paper":5,"minecraft:dirt":15,"minecraft:string":3,"minecraft:red_bed":3,"minecraft:bone":3,"minecraft:apple":3,"minecraft:wheat_seeds":18,"minecraft:gold_nugget":3,"minecraft:cobbled_deepslate":30,"minecraft:iron_ingot":6,"minecraft:stone_pickaxe":1,"minecraft:poppy":2,"minecraft:sugar_cane":5,"minecraft:oak_planks":6,"minecraft:iron_sword":2,"minecraft:stick":8,"minecraft:raw_iron":11,"minecraft:torch":17,"minecraft:diorite":35,"minecraft:arrow":3,"minecraft:rotten_flesh":2,"minecraft:hay_block":67,"minecraft:granite":4,"minecraft:bone_meal":9,"minecraft:emerald":4,"minecraft:bread":392,"minecraft:coal":10,"minecraft:cobblestone":51},"minecraft:crafted":{"minecraft:oak_planks":24,"minecraft:cooked_porkchop":7,"minecraft:crafting_table":1,"minecraft:iron_sword":1,"minecraft:bone_meal":9,"minecraft:stone_axe":1,"minecraft:bread":192,"minecraft:iron_boots":1,"minecraft:shield":1,"minecraft:stick":16,"minecraft:iron_ingot":15,"minecraft:iron_pickaxe":2,"minecraft:stone_pickaxe":1,"minecraft:torch":20,"minecraft:wheat":576},"minecraft:killed":{"minecraft:skeleton":3,"minecraft:zombie":4},"minecraft:killed_by":{"minecraft:skeleton":1,"minecraft:creeper":1}},"DataVersion":3955}