{"stats":{"minecraft:crafted":{"minecraft:oak_planks":172,"minecraft:crafting_table":3,"minecraft:wooden_pickaxe":2,"minecraft:furnace":4,"minecraft:stone_axe":1,"minecraft:air":0,"minecraft:bamboo_block":114,"minecraft:shield":1,"minecraft:iron_axe":2,"minecraft:stick":56,"minecraft:iron_ingot":37,"minecraft:iron_pickaxe":4,"minecraft:stone_pickaxe":3,"minecraft:chest":8,"minecraft:acacia_planks":60,"minecraft:torch":156,"minecraft:shears":1},"minecraft:used":{"minecraft:jungle_leaves":4,"minecraft:acacia_log":3,"minecraft:stone_pickaxe":307,"minecraft:oak_planks":134,"minecraft:chest":8,"minecraft:wooden_pickaxe":70,"minecraft:orange_bed":1,"minecraft:torch":111,"minecraft:dirt":7,"minecraft:vine":7,"minecraft:crafting_table":6,"minecraft:red_bed":2,"minecraft:bamboo_block":1,"minecraft:shears":19,"minecraft:oak_log":2,"minecraft:iron_axe":319,"minecraft:bread":28,"minecraft:iron_pickaxe":329,"minecraft:stone_axe":22,"minecraft:cobblestone":27,"minecraft:furnace":5,"minecraft:cooked_porkchop":5,"minecraft:egg":1},"minecraft:custom":{"minecraft:interact_with_furnace":14,"minecraft:mob_kills":12,"minecraft:interact_with_crafting_table":21,"minecraft:interact_with_cartography_table":1,"minecraft:open_barrel":2,"minecraft:bell_ring":1,"minecraft:leave_game":4,"minecraft:time_since_death":79865,"minecraft:climb_one_cm":7281,"minecraft:sleep_in_bed":8,"minecraft:time_since_rest":26017,"minecraft:sprint_one_cm":327620,"minecraft:damage_taken":1764,"minecraft:walk_one_cm":546833,"minecraft:drop":1,"minecraft:damage_dealt":2406,"minecraft:swim_one_cm":18302,"minecraft:fly_one_cm":243773,"minecraft:open_chest":30,"minecraft:crouch_one_cm":15355,"minecraft:play_time":122439,"minecraft:sneak_time":4071,"minecraft:deaths":1,"minecraft:walk_under_water_one_cm":17609,"minecraft:jump":1958,"minecraft:walk_on_water_one_cm":16218,"minecraft:total_world_time":122439,"minecraft:interact_with_smoker":1,"minecraft:fall_one_cm":47063},"minecraft:broken":{"minecraft:stone_pickaxe":1,"minecraft:iron_axe":1,"minecraft:iron_pickaxe":1,"minecraft:wooden_pickaxe":1},"minecraft:dropped":{"minecraft:apple":1},"minecraft:killed_by":{"minecraft:skeleton":1},"minecraft:killed":{"minecraft:spider":1,"minecraft:creeper":1,"minecraft:skeleton":2,"minecraft:zombie":8},"minecraft:picked_up":{"minecraft:crafting_table":3,"minecraft:wheat":20,"minecraft:andesite":23,"minecraft:jungle_log":6,"minecraft:oak_log":45,"minecraft:gunpowder":2,"minecraft:dirt":38,"minecraft:red_bed":3,"minecraft:string":1,"minecraft:stripped_bamboo_block":1,"minecraft:bone":2,"minecraft:apple":1,"minecraft:wheat_seeds":70,"minecraft:cobbled_deepslate":14,"minecraft:poppy":1,"minecraft:bamboo":1082,"minecraft:sugar_cane":5,"minecraft:melon_slice":88,"minecraft:oak_planks":118,"minecraft:acacia_sapling":10,"minecraft:egg":1,"minecraft:furnace":1,"minecraft:stick":11,"minecraft:raw_iron":102,"minecraft:cooked_porkchop":8,"minecraft:torch":8,"minecraft:acacia_log":18,"minecraft:gravel":4,"minecraft:diorite":14,"minecraft:vine":7,"minecraft:redstone":28,"minecraft:jungle_leaves":11,"minecraft:orange_bed":2,"minecraft:arrow":2,"minecraft:rotten_flesh":3,"minecraft:hay_block":54,"minecraft:armadillo_scute":3,"minecraft:granite":6,"minecraft:bread":15,"minecraft:oak_sapling":10,"minecraft:melon_seeds":12,"minecraft:coal":187,"minecraft:cobblestone":389},"minecraft:mined":{"minecraft:deepslate_redstone_ore":1,"minecraft:acacia_leaves":1,"minecraft:red_bed":3,"minecraft:melon_stem":10,"minecraft:jungle_leaves":20,"minecraft:crafting_table":3,"minecraft:torch":1,"minecraft:glow_lichen":2,"minecraft:granite":7,"minecraft:short_grass":14,"minecraft:acacia_log":18,"minecraft:grass_block":17,"minecraft:melon":17,"minecraft:jungle_log":6,"minecraft:sugar_cane":5,"minecraft:oak_planks":134,"minecraft:diorite":14,"minecraft:wall_torch":1,"minecraft:hay_block":56,"minecraft:redstone_ore":5,"minecraft:furnace":1,"minecraft:iron_ore":98,"minecraft:wheat":29,"minecraft:andesite":24,"minecraft:oak_log":45,"minecraft:coal_ore":182,"minecraft:deepslate_iron_ore":4,"minecraft:vine":12,"minecraft:gravel":5,"minecraft:dirt":20,"minecraft:stripped_bamboo_block":1,"minecraft:bamboo":115,"minecraft:stone":330,"minecraft:oak_leaves":24,"minecraft:deepslate":14,"minecraft:fern":2,"minecraft:orange_bed":2}},"DataVersion":3955}