{"stats":{"minecraft:used":{"minecraft:acacia_log":3,"minecraft:bread":4,"minecraft:orange_bed":1,"minecraft:red_bed":1},"minecraft:custom":{"minecraft:time_since_rest":2400,"minecraft:sprint_one_cm":109784,"minecraft:damage_taken":30,"minecraft:walk_one_cm":117023,"minecraft:damage_dealt":20,"minecraft:swim_one_cm":5787,"minecraft:interact_with_crafting_table":1,"minecraft:fly_one_cm":74243,"minecraft:open_barrel":2,"minecraft:open_chest":8,"minecraft:crouch_one_cm":483,"minecraft:play_time":22099,"minecraft:sneak_time":64,"minecraft:bell_ring":1,"minecraft:walk_under_water_one_cm":2197,"minecraft:jump":346,"minecraft:leave_game":1,"minecraft:walk_on_water_one_cm":3668,"minecraft:time_since_death":22099,"minecraft:sleep_in_bed":4,"minecraft:climb_one_cm":559,"minecraft:total_world_time":22099,"minecraft:fall_one_cm":8304},"minecraft:picked_up":{"minecraft:stick":2,"minecraft:wheat":20,"minecraft:acacia_log":18,"minecraft:dirt":9,"minecraft:red_bed":2,"minecraft:orange_bed":2,"minecraft:wheat_seeds":69,"minecraft:hay_block":54,"minecraft:melon_slice":35,"minecraft:sugar_cane":5,"minecraft:melon_seeds":12,"minecraft:acacia_sapling":10},"minecraft:crafted":{"minecraft:wooden_pickaxe":1,"minecraft:acacia_planks":8},"minecraft:mined":{"minecraft:hay_block":56,"minecraft:acacia_leaves":1,"minecraft:red_bed":2,"minecraft:melon_stem":10,"minecraft:wheat":29,"minecraft:short_grass":11,"minecraft:acacia_log":18,"minecraft:grass_block":7,"minecraft:melon":7,"minecraft:dirt":5,"minecraft:sugar_cane":5,"minecraft:oak_leaves":6,"minecraft:orange_bed":2}},"DataVersion":3955}