{"stats":{"minecraft:custom":{"minecraft:mob_kills":25,"minecraft:interact_with_crafting_table":54,"minecraft:open_barrel":2,"minecraft:bell_ring":1,"minecraft:leave_game":15,"minecraft:time_since_death":384054,"minecraft:climb_one_cm":23618,"minecraft:sprint_one_cm":935005,"minecraft:walk_one_cm":1586964,"minecraft:damage_blocked_by_shield":130,"minecraft:drop":173,"minecraft:play_time":426628,"minecraft:deaths":1,"minecraft:sneak_time":8290,"minecraft:walk_under_water_one_cm":25779,"minecraft:jump":5307,"minecraft:interact_with_blast_furnace":23,"minecraft:walk_on_water_one_cm":40733,"minecraft:total_world_time":426628,"minecraft:interact_with_furnace":128,"minecraft:interact_with_cartography_table":1,"minecraft:sleep_in_bed":13,"minecraft:time_since_rest":109894,"minecraft:damage_taken":3052,"minecraft:damage_dealt":5403,"minecraft:swim_one_cm":81555,"minecraft:fly_one_cm":718600,"minecraft:open_chest":117,"minecraft:crouch_one_cm":25109,"minecraft:interact_with_smoker":1,"minecraft:fall_one_cm":122622},"minecraft:picked_up":{"minecraft:cocoa_beans":12,"minecraft:crafting_table":4,"minecraft:wheat":46,"minecraft:azure_bluet":1,"minecraft:clay_ball":43,"minecraft:cornflower":4,"minecraft:raw_copper":705,"minecraft:red_bed":3,"minecraft:string":1,"minecraft:moss_carpet":3,"minecraft:cobbled_deepslate":21,"minecraft:jungle_sapling":2,"minecraft:azalea":2,"minecraft:poppy":1,"minecraft:melon_slice":88,"minecraft:sugar_cane":5,"minecraft:chest":6,"minecraft:phantom_membrane":1,"minecraft:egg":5,"minecraft:furnace":3,"minecraft:stick":15,"minecraft:raw_iron":120,"minecraft:big_dripleaf":3,"minecraft:torch":24,"minecraft:acacia_log":168,"minecraft:diorite":14,"minecraft:vine":7,"minecraft:redstone":28,"minecraft:orange_bed":2,"minecraft:rotten_flesh":12,"minecraft:arrow":3,"minecraft:tropical_fish":20,"minecraft:hay_block":54,"minecraft:armadillo_scute":3,"minecraft:glow_berries":1,"minecraft:crimson_slab":54,"minecraft:cobblestone":3574,"minecraft:andesite":37,"minecraft:jungle_log":46,"minecraft:flint":2,"minecraft:oak_log":45,"minecraft:gunpowder":2,"minecraft:lapis_lazuli":56,"minecraft:dirt":1409,"minecraft:stripped_bamboo_block":1,"minecraft:bone":2,"minecraft:acacia_planks":1,"minecraft:apple":1,"minecraft:wheat_seeds":155,"minecraft:raw_gold":5,"minecraft:acacia_sapling":15,"minecraft:bamboo":1082,"minecraft:moss_block":30,"minecraft:flowering_azalea":3,"minecraft:oak_planks":118,"minecraft:cooked_porkchop":8,"minecraft:dandelion":12,"minecraft:gravel":32,"minecraft:crimson_stairs":485,"minecraft:jungle_leaves":11,"minecraft:diamond_shovel":2,"minecraft:diamond":2,"minecraft:granite":6,"minecraft:bread":46,"minecraft:oak_sapling":15,"minecraft:melon_seeds":12,"minecraft:coal":311},"minecraft:killed":{"minecraft:spider":1,"minecraft:phantom":1,"minecraft:skeleton":3,"minecraft:creeper":1,"minecraft:pillager":2,"minecraft:zombie":17},"minecraft:broken":{"minecraft:iron_shovel":2,"minecraft:wooden_pickaxe":1,"minecraft:stone_pickaxe":3,"minecraft:iron_axe":3,"minecraft:iron_pickaxe":15},"minecraft:crafted":{"minecraft:smooth_stone":16,"minecraft:oak_planks":172,"minecraft:furnace":7,"minecraft:blast_furnace":2,"minecraft:stone":201,"minecraft:bamboo_block":114,"minecraft:iron_boots":1,"minecraft:iron_axe":4,"minecraft:stone_pickaxe":4,"minecraft:chest":8,"minecraft:copper_block":4,"minecraft:stone_bricks":64,"minecraft:crafting_table":4,"minecraft:wooden_pickaxe":2,"minecraft:iron_helmet":1,"minecraft:copper_ingot":679,"minecraft:stone_axe":1,"minecraft:bread":8,"minecraft:air":0,"minecraft:stone_brick_stairs":28,"minecraft:iron_chestplate":1,"minecraft:shield":1,"minecraft:stick":116,"minecraft:iron_ingot":88,"minecraft:iron_pickaxe":15,"minecraft:iron_shovel":3,"minecraft:iron_leggings":1,"minecraft:acacia_planks":60,"minecraft:torch":268,"minecraft:shears":1},"minecraft:mined":{"minecraft:deepslate_diamond_ore":2,"minecraft:jungle_leaves":28,"minecraft:glow_lichen":2,"minecraft:granite":7,"minecraft:acacia_log":171,"minecraft:grass_block":622,"minecraft:jungle_log":46,"minecraft:moss_block":23,"minecraft:hay_block":56,"minecraft:tall_seagrass":2,"minecraft:redstone_ore":5,"minecraft:furnace":3,"minecraft:iron_ore":112,"minecraft:andesite":38,"minecraft:moss_carpet":2,"minecraft:big_dripleaf_stem":1,"minecraft:vine":22,"minecraft:deepslate_iron_ore":8,"minecraft:bamboo":115,"minecraft:stripped_bamboo_block":1,"minecraft:stone":3499,"minecraft:orange_bed":2,"minecraft:deepslate_redstone_ore":1,"minecraft:acacia_leaves":14,"minecraft:red_bed":3,"minecraft:melon_stem":10,"minecraft:clay":2,"minecraft:crafting_table":4,"minecraft:torch":2,"minecraft:short_grass":29,"minecraft:melon":17,"minecraft:chest":6,"minecraft:crimson_slab":8,"minecraft:tall_grass":9,"minecraft:copper_ore":192,"minecraft:cobblestone":9,"minecraft:deepslate_gold_ore":5,"minecraft:lapis_ore":8,"minecraft:sugar_cane":5,"minecraft:oak_planks":134,"minecraft:wall_torch":5,"minecraft:diorite":14,"minecraft:crimson_stairs":145,"minecraft:deepslate_copper_ore":9,"minecraft:wheat":55,"minecraft:oak_log":45,"minecraft:coal_ore":306,"minecraft:gravel":35,"minecraft:dirt":908,"minecraft:acacia_planks":7,"minecraft:oak_leaves":42,"minecraft:deepslate":21,"minecraft:fern":3},"minecraft:killed_by":{"minecraft:skeleton":1},"minecraft:dropped":{"minecraft:apple":1,"minecraft:acacia_log":150,"minecraft:dirt":64,"minecraft:cornflower":2,"minecraft:jungle_sapling":1,"minecraft:acacia_planks":1,"minecraft:diamond_shovel":2,"minecraft:crimson_slab":16},"minecraft:used":{"minecraft:jungle_leaves":4,"minecraft:acacia_log":3,"minecraft:iron_shovel":695,"minecraft:tropical_fish":1,"minecraft:chest":12,"minecraft:shield":5,"minecraft:stone":2,"minecraft:orange_bed":1,"minecraft:torch":261,"minecraft:dirt":130,"minecraft:iron_axe":737,"minecraft:crimson_slab":23,"minecraft:stone_brick_stairs":27,"minecraft:furnace":8,"minecraft:egg":1,"minecraft:wheat_seeds":26,"minecraft:stone_pickaxe":491,"minecraft:oak_planks":134,"minecraft:wooden_pickaxe":70,"minecraft:vine":7,"minecraft:crafting_table":8,"minecraft:red_bed":2,"minecraft:blast_furnace":2,"minecraft:bamboo_block":1,"minecraft:shears":19,"minecraft:oak_log":2,"minecraft:diamond_shovel":789,"minecraft:bread":68,"minecraft:iron_pickaxe":3742,"minecraft:stone_axe":22,"minecraft:cobblestone":233,"minecraft:crimson_stairs":479,"minecraft:cooked_porkchop":8}},"DataVersion":3955}