{"stats":{"minecraft:used":{"minecraft:acacia_log":3,"minecraft:bread":9,"minecraft:stone_pickaxe":56,"minecraft:wooden_pickaxe":11,"minecraft:torch":22,"minecraft:stone_axe":9,"minecraft:orange_bed":1,"minecraft:dirt":5,"minecraft:crafting_table":1,"minecraft:red_bed":1},"minecraft:custom":{"minecraft:time_since_rest":14400,"minecraft:sprint_one_cm":147777,"minecraft:damage_taken":333,"minecraft:walk_one_cm":159273,"minecraft:mob_kills":3,"minecraft:damage_dealt":581,"minecraft:swim_one_cm":7290,"minecraft:interact_with_crafting_table":2,"minecraft:fly_one_cm":103781,"minecraft:open_barrel":2,"minecraft:open_chest":9,"minecraft:crouch_one_cm":1861,"minecraft:play_time":34099,"minecraft:sneak_time":453,"minecraft:bell_ring":1,"minecraft:walk_under_water_one_cm":5848,"minecraft:jump":563,"minecraft:leave_game":1,"minecraft:walk_on_water_one_cm":7111,"minecraft:time_since_death":34099,"minecraft:sleep_in_bed":4,"minecraft:climb_one_cm":559,"minecraft:total_world_time":34099,"minecraft:fall_one_cm":14394},"minecraft:killed":{"minecraft:zombie":3},"minecraft:picked_up":{"minecraft:stick":2,"minecraft:raw_iron":10,"minecraft:wheat":20,"minecraft:torch":2,"minecraft:acacia_log":18,"minecraft:dirt":14,"minecraft:red_bed":2,"minecraft:orange_bed":2,"minecraft:rotten_flesh":3,"minecraft:wheat_seeds":69,"minecraft:hay_block":54,"minecraft:oak_sapling":1,"minecraft:melon_slice":35,"minecraft:sugar_cane":5,"minecraft:melon_seeds":12,"minecraft:coal":39,"minecraft:acacia_sapling":10,"minecraft:cobblestone":16},"minecraft:crafted":{"minecraft:crafting_table":1,"minecraft:stick":12,"minecraft:wooden_pickaxe":1,"minecraft:stone_pickaxe":1,"minecraft:acacia_planks":60,"minecraft:torch":32,"minecraft:stone_axe":1},"minecraft:mined":{"minecraft:hay_block":56,"minecraft:acacia_leaves":1,"minecraft:red_bed":2,"minecraft:iron_ore":10,"minecraft:melon_stem":10,"minecraft:wheat":29,"minecraft:short_grass":11,"minecraft:acacia_log":18,"minecraft:grass_block":7,"minecraft:coal_ore":39,"minecraft:melon":7,"minecraft:gravel":1,"minecraft:dirt":5,"minecraft:stone":16,"minecraft:sugar_cane":5,"minecraft:oak_leaves":9,"minecraft:orange_bed":2}},"DataVersion":3955}