{"stats":{"minecraft:used":{"minecraft:jungle_leaves":4,"minecraft:iron_shovel":134,"minecraft:acacia_log":3,"minecraft:stone_pickaxe":358,"minecraft:oak_planks":134,"minecraft:shield":2,"minecraft:chest":10,"minecraft:wooden_pickaxe":70,"minecraft:orange_bed":1,"minecraft:torch":139,"minecraft:dirt":17,"minecraft:vine":7,"minecraft:crafting_table":7,"minecraft:red_bed":2,"minecraft:bamboo_block":1,"minecraft:shears":19,"minecraft:oak_log":2,"minecraft:iron_axe":545,"minecraft:bread":40,"minecraft:iron_pickaxe":981,"minecraft:stone_axe":22,"minecraft:cobblestone":27,"minecraft:furnace":7,"minecraft:cooked_porkchop":8,"minecraft:egg":1},"minecraft:custom":{"minecraft:interact_with_furnace":37,"minecraft:mob_kills":13,"minecraft:interact_with_crafting_table":26,"minecraft:interact_with_cartography_table":1,"minecraft:open_barrel":2,"minecraft:bell_ring":1,"minecraft:leave_game":5,"minecraft:time_since_death":166522,"minecraft:sleep_in_bed":9,"minecraft:climb_one_cm":14167,"minecraft:time_since_rest":73452,"minecraft:sprint_one_cm":636957,"minecraft:damage_taken":2192,"minecraft:walk_one_cm":783117,"minecraft:damage_blocked_by_shield":50,"minecraft:drop":153,"minecraft:damage_dealt":2647,"minecraft:swim_one_cm":48881,"minecraft:fly_one_cm":490779,"minecraft:open_chest":45,"minecraft:crouch_one_cm":17261,"minecraft:play_time":209096,"minecraft:deaths":1,"minecraft:sneak_time":5347,"minecraft:walk_under_water_one_cm":18359,"minecraft:jump":3448,"minecraft:walk_on_water_one_cm":20257,"minecraft:total_world_time":209096,"minecraft:interact_with_smoker":1,"minecraft:fall_one_cm":87336},"minecraft:picked_up":{"minecraft:cocoa_beans":12,"minecraft:crafting_table":4,"minecraft:wheat":20,"minecraft:jungle_log":45,"minecraft:andesite":23,"minecraft:flint":2,"minecraft:oak_log":45,"minecraft:gunpowder":2,"minecraft:lapis_lazuli":56,"minecraft:dirt":158,"minecraft:string":1,"minecraft:red_bed":3,"minecraft:raw_copper":192,"minecraft:stripped_bamboo_block":1,"minecraft:bone":2,"minecraft:acacia_planks":1,"minecraft:apple":1,"minecraft:wheat_seeds":70,"minecraft:raw_gold":5,"minecraft:cobbled_deepslate":21,"minecraft:jungle_sapling":1,"minecraft:poppy":1,"minecraft:bamboo":1082,"minecraft:sugar_cane":5,"minecraft:melon_slice":88,"minecraft:chest":6,"minecraft:oak_planks":118,"minecraft:acacia_sapling":15,"minecraft:furnace":3,"minecraft:egg":5,"minecraft:stick":13,"minecraft:raw_iron":106,"minecraft:cooked_porkchop":8,"minecraft:torch":10,"minecraft:acacia_log":168,"minecraft:gravel":32,"minecraft:diorite":14,"minecraft:vine":7,"minecraft:redstone":28,"minecraft:jungle_leaves":11,"minecraft:orange_bed":2,"minecraft:arrow":2,"minecraft:rotten_flesh":4,"minecraft:diamond":2,"minecraft:hay_block":54,"minecraft:armadillo_scute":3,"minecraft:granite":6,"minecraft:bread":46,"minecraft:oak_sapling":13,"minecraft:melon_seeds":12,"minecraft:coal":215,"minecraft:cobblestone":974},"minecraft:killed_by":{"minecraft:skeleton":1},"minecraft:dropped":{"minecraft:apple":1,"minecraft:acacia_log":150,"minecraft:jungle_sapling":1,"minecraft:acacia_planks":1},"minecraft:crafted":{"minecraft:oak_planks":172,"minecraft:crafting_table":3,"minecraft:iron_helmet":1,"minecraft:wooden_pickaxe":2,"minecraft:furnace":4,"minecraft:stone_axe":1,"minecraft:air":0,"minecraft:bamboo_block":114,"minecraft:iron_chestplate":1,"minecraft:iron_boots":1,"minecraft:shield":1,"minecraft:iron_axe":3,"minecraft:stick":76,"minecraft:iron_ingot":63,"minecraft:iron_pickaxe":7,"minecraft:stone_pickaxe":3,"minecraft:iron_shovel":2,"minecraft:chest":8,"minecraft:iron_leggings":1,"minecraft:acacia_planks":60,"minecraft:torch":212,"minecraft:shears":1},"minecraft:broken":{"minecraft:stone_pickaxe":2,"minecraft:iron_axe":2,"minecraft:iron_pickaxe":3,"minecraft:wooden_pickaxe":1},"minecraft:killed":{"minecraft:spider":1,"minecraft:creeper":1,"minecraft:skeleton":2,"minecraft:zombie":9},"minecraft:mined":{"minecraft:deepslate_redstone_ore":1,"minecraft:acacia_leaves":14,"minecraft:red_bed":3,"minecraft:deepslate_diamond_ore":2,"minecraft:melon_stem":10,"minecraft:jungle_leaves":20,"minecraft:glow_lichen":2,"minecraft:torch":2,"minecraft:crafting_table":4,"minecraft:granite":7,"minecraft:chest":6,"minecraft:short_grass":20,"minecraft:acacia_log":171,"minecraft:grass_block":52,"minecraft:melon":17,"minecraft:jungle_log":45,"minecraft:deepslate_gold_ore":5,"minecraft:copper_ore":50,"minecraft:lapis_ore":8,"minecraft:sugar_cane":5,"minecraft:oak_planks":134,"minecraft:diorite":14,"minecraft:wall_torch":1,"minecraft:deepslate_copper_ore":9,"minecraft:hay_block":56,"minecraft:tall_seagrass":2,"minecraft:redstone_ore":5,"minecraft:furnace":3,"minecraft:iron_ore":98,"minecraft:wheat":29,"minecraft:andesite":24,"minecraft:coal_ore":210,"minecraft:oak_log":45,"minecraft:deepslate_iron_ore":8,"minecraft:vine":19,"minecraft:gravel":35,"minecraft:dirt":105,"minecraft:stripped_bamboo_block":1,"minecraft:bamboo":115,"minecraft:acacia_planks":7,"minecraft:stone":916,"minecraft:oak_leaves":38,"minecraft:deepslate":21,"minecraft:fern":2,"minecraft:orange_bed":2}},"DataVersion":3955}