{"stats":{"minecraft:crafted":{"minecraft:crafting_table":1,"minecraft:stick":24,"minecraft:wooden_pickaxe":1,"minecraft:stone_pickaxe":1,"minecraft:acacia_planks":60,"minecraft:torch":80,"minecraft:stone_axe":1},"minecraft:used":{"minecraft:acacia_log":3,"minecraft:stone_pickaxe":106,"minecraft:bread":19,"minecraft:wooden_pickaxe":11,"minecraft:torch":54,"minecraft:orange_bed":1,"minecraft:stone_axe":22,"minecraft:dirt":5,"minecraft:crafting_table":1,"minecraft:red_bed":2},"minecraft:custom":{"minecraft:time_since_rest":3683,"minecraft:sprint_one_cm":214114,"minecraft:damage_taken":1076,"minecraft:walk_one_cm":225371,"minecraft:mob_kills":8,"minecraft:damage_dealt":1582,"minecraft:interact_with_cartography_table":1,"minecraft:interact_with_crafting_table":2,"minecraft:swim_one_cm":8747,"minecraft:fly_one_cm":145985,"minecraft:open_barrel":2,"minecraft:open_chest":14,"minecraft:bell_ring":1,"minecraft:crouch_one_cm":1861,"minecraft:play_time":48209,"minecraft:deaths":1,"minecraft:sneak_time":453,"minecraft:walk_under_water_one_cm":8782,"minecraft:jump":823,"minecraft:leave_game":2,"minecraft:time_since_death":5635,"minecraft:walk_on_water_one_cm":8223,"minecraft:total_world_time":48209,"minecraft:sleep_in_bed":6,"minecraft:climb_one_cm":559,"minecraft:fall_one_cm":21851},"minecraft:killed_by":{"minecraft:skeleton":1},"minecraft:killed":{"minecraft:skeleton":2,"minecraft:zombie":5,"minecraft:creeper":1},"minecraft:picked_up":{"minecraft:raw_iron":19,"minecraft:stick":5,"minecraft:wheat":20,"minecraft:torch":3,"minecraft:acacia_log":18,"minecraft:oak_log":6,"minecraft:gunpowder":2,"minecraft:apple":1,"minecraft:dirt":14,"minecraft:red_bed":3,"minecraft:orange_bed":2,"minecraft:bone":2,"minecraft:arrow":2,"minecraft:rotten_flesh":3,"minecraft:wheat_seeds":69,"minecraft:hay_block":54,"minecraft:armadillo_scute":2,"minecraft:melon_seeds":12,"minecraft:oak_sapling":6,"minecraft:melon_slice":35,"minecraft:sugar_cane":5,"minecraft:acacia_sapling":10,"minecraft:coal":67,"minecraft:cobblestone":30},"minecraft:mined":{"minecraft:hay_block":56,"minecraft:acacia_leaves":1,"minecraft:red_bed":3,"minecraft:melon_stem":10,"minecraft:iron_ore":19,"minecraft:wheat":29,"minecraft:oak_log":6,"minecraft:short_grass":11,"minecraft:acacia_log":18,"minecraft:grass_block":7,"minecraft:coal_ore":67,"minecraft:melon":7,"minecraft:gravel":1,"minecraft:dirt":5,"minecraft:stone":29,"minecraft:sugar_cane":5,"minecraft:oak_leaves":9,"minecraft:orange_bed":2}},"DataVersion":3955}