{"stats":{"minecraft:custom":{"minecraft:mob_kills":30,"minecraft:interact_with_crafting_table":57,"minecraft:open_barrel":2,"minecraft:bell_ring":1,"minecraft:leave_game":17,"minecraft:time_since_death":428083,"minecraft:climb_one_cm":23844,"minecraft:sprint_one_cm":1088910,"minecraft:walk_one_cm":1688403,"minecraft:damage_blocked_by_shield":190,"minecraft:drop":173,"minecraft:play_time":470657,"minecraft:deaths":1,"minecraft:sneak_time":9219,"minecraft:walk_under_water_one_cm":27596,"minecraft:jump":5926,"minecraft:interact_with_blast_furnace":23,"minecraft:walk_on_water_one_cm":45036,"minecraft:total_world_time":470657,"minecraft:interact_with_furnace":128,"minecraft:interact_with_cartography_table":1,"minecraft:sleep_in_bed":14,"minecraft:time_since_rest":25424,"minecraft:damage_taken":3408,"minecraft:damage_dealt":6263,"minecraft:swim_one_cm":88409,"minecraft:fly_one_cm":814763,"minecraft:open_chest":125,"minecraft:crouch_one_cm":28016,"minecraft:interact_with_smoker":1,"minecraft:fall_one_cm":140903},"minecraft:picked_up":{"minecraft:cocoa_beans":12,"minecraft:crafting_table":4,"minecraft:wheat":46,"minecraft:azure_bluet":1,"minecraft:clay_ball":43,"minecraft:cornflower":4,"minecraft:raw_copper":966,"minecraft:red_bed":3,"minecraft:string":5,"minecraft:moss_carpet":3,"minecraft:cobbled_deepslate":40,"minecraft:jungle_sapling":2,"minecraft:azalea":2,"minecraft:poppy":1,"minecraft:melon_slice":88,"minecraft:sugar_cane":5,"minecraft:chest":6,"minecraft:phantom_membrane":1,"minecraft:egg":5,"minecraft:furnace":3,"minecraft:stick":15,"minecraft:raw_iron":191,"minecraft:big_dripleaf":3,"minecraft:torch":24,"minecraft:acacia_log":168,"minecraft:diorite":24,"minecraft:vine":7,"minecraft:redstone":66,"minecraft:orange_bed":2,"minecraft:rotten_flesh":14,"minecraft:arrow":5,"minecraft:tropical_fish":20,"minecraft:hay_block":54,"minecraft:armadillo_scute":3,"minecraft:glow_berries":1,"minecraft:crimson_slab":54,"minecraft:cobblestone":3606,"minecraft:jungle_log":46,"minecraft:andesite":37,"minecraft:flint":2,"minecraft:tuff":4,"minecraft:oak_log":45,"minecraft:gunpowder":2,"minecraft:lapis_lazuli":136,"minecraft:dirt":1409,"minecraft:stripped_bamboo_block":1,"minecraft:bone":3,"minecraft:acacia_planks":1,"minecraft:apple":1,"minecraft:wheat_seeds":155,"minecraft:raw_gold":5,"minecraft:cooked_chicken":13,"minecraft:acacia_sapling":15,"minecraft:bamboo":1082,"minecraft:moss_block":30,"minecraft:flowering_azalea":3,"minecraft:oak_planks":118,"minecraft:cooked_porkchop":8,"minecraft:dandelion":12,"minecraft:gravel":32,"minecraft:crimson_stairs":485,"minecraft:jungle_leaves":11,"minecraft:diamond_shovel":2,"minecraft:diamond":2,"minecraft:granite":6,"minecraft:bread":48,"minecraft:oak_sapling":15,"minecraft:melon_seeds":12,"minecraft:coal":345},"minecraft:killed":{"minecraft:spider":3,"minecraft:phantom":1,"minecraft:skeleton":4,"minecraft:creeper":1,"minecraft:pillager":2,"minecraft:zombie":19},"minecraft:broken":{"minecraft:iron_shovel":2,"minecraft:wooden_pickaxe":1,"minecraft:stone_pickaxe":3,"minecraft:iron_axe":3,"minecraft:iron_pickaxe":16},"minecraft:crafted":{"minecraft:smooth_stone":16,"minecraft:oak_planks":172,"minecraft:furnace":7,"minecraft:blast_furnace":2,"minecraft:stone":201,"minecraft:bamboo_block":114,"minecraft:iron_boots":1,"minecraft:iron_axe":4,"minecraft:stone_pickaxe":4,"minecraft:chest":8,"minecraft:copper_block":4,"minecraft:stone_bricks":64,"minecraft:crafting_table":4,"minecraft:wooden_pickaxe":2,"minecraft:iron_helmet":1,"minecraft:copper_ingot":679,"minecraft:stone_axe":1,"minecraft:bread":8,"minecraft:air":0,"minecraft:stone_brick_stairs":28,"minecraft:iron_chestplate":1,"minecraft:shield":1,"minecraft:stick":156,"minecraft:iron_ingot":91,"minecraft:iron_pickaxe":18,"minecraft:iron_shovel":3,"minecraft:iron_leggings":1,"minecraft:acacia_planks":60,"minecraft:torch":404,"minecraft:shears":1},"minecraft:mined":{"minecraft:tuff":4,"minecraft:deepslate_diamond_ore":2,"minecraft:jungle_leaves":28,"minecraft:glow_lichen":2,"minecraft:granite":7,"minecraft:acacia_log":171,"minecraft:grass_block":622,"minecraft:jungle_log":46,"minecraft:moss_block":23,"minecraft:hay_block":56,"minecraft:tall_seagrass":2,"minecraft:redstone_ore":5,"minecraft:furnace":3,"minecraft:iron_ore":178,"minecraft:andesite":38,"minecraft:moss_carpet":2,"minecraft:deepslate_lapis_ore":8,"minecraft:big_dripleaf_stem":1,"minecraft:vine":22,"minecraft:deepslate_iron_ore":13,"minecraft:bamboo":115,"minecraft:stripped_bamboo_block":1,"minecraft:stone":3532,"minecraft:orange_bed":2,"minecraft:deepslate_redstone_ore":10,"minecraft:acacia_leaves":14,"minecraft:red_bed":3,"minecraft:melon_stem":10,"minecraft:clay":2,"minecraft:crafting_table":4,"minecraft:torch":2,"minecraft:short_grass":29,"minecraft:melon":17,"minecraft:chest":6,"minecraft:crimson_slab":8,"minecraft:tall_grass":9,"minecraft:copper_ore":258,"minecraft:cobblestone":9,"minecraft:deepslate_gold_ore":5,"minecraft:lapis_ore":12,"minecraft:sugar_cane":5,"minecraft:oak_planks":134,"minecraft:wall_torch":5,"minecraft:diorite":24,"minecraft:crimson_stairs":145,"minecraft:deepslate_copper_ore":19,"minecraft:wheat":55,"minecraft:oak_log":45,"minecraft:coal_ore":341,"minecraft:gravel":35,"minecraft:dirt":908,"minecraft:acacia_planks":7,"minecraft:oak_leaves":42,"minecraft:deepslate":40,"minecraft:fern":3},"minecraft:killed_by":{"minecraft:skeleton":1},"minecraft:dropped":{"minecraft:apple":1,"minecraft:acacia_log":150,"minecraft:dirt":64,"minecraft:cornflower":2,"minecraft:jungle_sapling":1,"minecraft:acacia_planks":1,"minecraft:diamond_shovel":2,"minecraft:crimson_slab":16},"minecraft:used":{"minecraft:jungle_leaves":4,"minecraft:acacia_log":3,"minecraft:iron_shovel":695,"minecraft:tropical_fish":1,"minecraft:chest":12,"minecraft:shield":7,"minecraft:stone":2,"minecraft:orange_bed":1,"minecraft:torch":365,"minecraft:dirt":130,"minecraft:iron_axe":750,"minecraft:crimson_slab":23,"minecraft:stone_brick_stairs":27,"minecraft:furnace":8,"minecraft:egg":1,"minecraft:wheat_seeds":26,"minecraft:stone_pickaxe":491,"minecraft:oak_planks":134,"minecraft:wooden_pickaxe":70,"minecraft:vine":7,"minecraft:crafting_table":8,"minecraft:red_bed":2,"minecraft:blast_furnace":2,"minecraft:bamboo_block":1,"minecraft:shears":19,"minecraft:oak_log":2,"minecraft:diamond_shovel":789,"minecraft:bread":73,"minecraft:melon_slice":16,"minecraft:iron_pickaxe":4011,"minecraft:stone_axe":22,"minecraft:cobblestone":252,"minecraft:crimson_stairs":479,"minecraft:cooked_porkchop":8}},"DataVersion":3955}