{"stats":{"minecraft:used":{"minecraft:jungle_leaves":4,"minecraft:iron_shovel":437,"minecraft:acacia_log":3,"minecraft:chest":10,"minecraft:shield":2,"minecraft:stone":2,"minecraft:orange_bed":1,"minecraft:torch":150,"minecraft:dirt":56,"minecraft:iron_axe":617,"minecraft:crimson_slab":7,"minecraft:furnace":7,"minecraft:egg":1,"minecraft:wheat_seeds":26,"minecraft:stone_pickaxe":358,"minecraft:oak_planks":134,"minecraft:wooden_pickaxe":70,"minecraft:vine":7,"minecraft:crafting_table":7,"minecraft:red_bed":2,"minecraft:bamboo_block":1,"minecraft:shears":19,"minecraft:oak_log":2,"minecraft:bread":50,"minecraft:iron_pickaxe":1965,"minecraft:stone_axe":22,"minecraft:cobblestone":70,"minecraft:crimson_stairs":97,"minecraft:cooked_porkchop":8},"minecraft:custom":{"minecraft:mob_kills":17,"minecraft:interact_with_crafting_table":32,"minecraft:open_barrel":2,"minecraft:bell_ring":1,"minecraft:leave_game":10,"minecraft:time_since_death":244936,"minecraft:climb_one_cm":15643,"minecraft:sprint_one_cm":714697,"minecraft:walk_one_cm":1023901,"minecraft:damage_blocked_by_shield":50,"minecraft:drop":169,"minecraft:play_time":287510,"minecraft:deaths":1,"minecraft:sneak_time":6413,"minecraft:walk_under_water_one_cm":19000,"minecraft:jump":4004,"minecraft:walk_on_water_one_cm":22400,"minecraft:total_world_time":287510,"minecraft:interact_with_furnace":52,"minecraft:interact_with_cartography_table":1,"minecraft:sleep_in_bed":11,"minecraft:time_since_rest":107,"minecraft:damage_taken":2595,"minecraft:damage_dealt":3571,"minecraft:swim_one_cm":64787,"minecraft:fly_one_cm":540743,"minecraft:open_chest":58,"minecraft:crouch_one_cm":19934,"minecraft:interact_with_smoker":1,"minecraft:fall_one_cm":97292},"minecraft:picked_up":{"minecraft:cocoa_beans":12,"minecraft:crafting_table":4,"minecraft:wheat":46,"minecraft:red_bed":3,"minecraft:string":1,"minecraft:raw_copper":230,"minecraft:cobbled_deepslate":21,"minecraft:jungle_sapling":2,"minecraft:poppy":1,"minecraft:melon_slice":88,"minecraft:sugar_cane":5,"minecraft:chest":6,"minecraft:phantom_membrane":1,"minecraft:egg":5,"minecraft:furnace":3,"minecraft:raw_iron":106,"minecraft:stick":15,"minecraft:torch":15,"minecraft:acacia_log":168,"minecraft:diorite":14,"minecraft:vine":7,"minecraft:redstone":28,"minecraft:orange_bed":2,"minecraft:arrow":2,"minecraft:rotten_flesh":6,"minecraft:hay_block":54,"minecraft:armadillo_scute":3,"minecraft:crimson_slab":51,"minecraft:cobblestone":1900,"minecraft:andesite":23,"minecraft:jungle_log":46,"minecraft:flint":2,"minecraft:oak_log":45,"minecraft:gunpowder":2,"minecraft:lapis_lazuli":56,"minecraft:dirt":463,"minecraft:stripped_bamboo_block":1,"minecraft:bone":2,"minecraft:acacia_planks":1,"minecraft:apple":1,"minecraft:wheat_seeds":140,"minecraft:raw_gold":5,"minecraft:bamboo":1082,"minecraft:acacia_sapling":15,"minecraft:oak_planks":118,"minecraft:cooked_porkchop":8,"minecraft:dandelion":1,"minecraft:gravel":32,"minecraft:crimson_stairs":151,"minecraft:jungle_leaves":11,"minecraft:diamond":2,"minecraft:granite":6,"minecraft:bread":46,"minecraft:oak_sapling":15,"minecraft:melon_seeds":12,"minecraft:coal":253},"minecraft:killed_by":{"minecraft:skeleton":1},"minecraft:dropped":{"minecraft:apple":1,"minecraft:acacia_log":150,"minecraft:jungle_sapling":1,"minecraft:acacia_planks":1,"minecraft:crimson_slab":16},"minecraft:broken":{"minecraft:iron_shovel":1,"minecraft:wooden_pickaxe":1,"minecraft:stone_pickaxe":2,"minecraft:iron_axe":2,"minecraft:iron_pickaxe":7},"minecraft:crafted":{"minecraft:oak_planks":172,"minecraft:furnace":4,"minecraft:stone":128,"minecraft:bamboo_block":114,"minecraft:iron_boots":1,"minecraft:iron_axe":3,"minecraft:stone_pickaxe":3,"minecraft:chest":8,"minecraft:crafting_table":3,"minecraft:wooden_pickaxe":2,"minecraft:iron_helmet":1,"minecraft:copper_ingot":128,"minecraft:stone_axe":1,"minecraft:bread":8,"minecraft:air":0,"minecraft:iron_chestplate":1,"minecraft:shield":1,"minecraft:stick":84,"minecraft:iron_ingot":67,"minecraft:iron_pickaxe":9,"minecraft:iron_shovel":2,"minecraft:iron_leggings":1,"minecraft:acacia_planks":60,"minecraft:torch":212,"minecraft:shears":1},"minecraft:killed":{"minecraft:spider":1,"minecraft:phantom":1,"minecraft:skeleton":2,"minecraft:creeper":1,"minecraft:pillager":2,"minecraft:zombie":10},"minecraft:mined":{"minecraft:deepslate_diamond_ore":2,"minecraft:jungle_leaves":28,"minecraft:glow_lichen":2,"minecraft:granite":7,"minecraft:acacia_log":171,"minecraft:grass_block":149,"minecraft:jungle_log":46,"minecraft:hay_block":56,"minecraft:tall_seagrass":2,"minecraft:redstone_ore":5,"minecraft:furnace":3,"minecraft:iron_ore":98,"minecraft:andesite":24,"minecraft:vine":21,"minecraft:deepslate_iron_ore":8,"minecraft:stripped_bamboo_block":1,"minecraft:bamboo":115,"minecraft:stone":1841,"minecraft:orange_bed":2,"minecraft:deepslate_redstone_ore":1,"minecraft:acacia_leaves":14,"minecraft:red_bed":3,"minecraft:melon_stem":10,"minecraft:crafting_table":4,"minecraft:torch":2,"minecraft:short_grass":22,"minecraft:melon":17,"minecraft:chest":6,"minecraft:crimson_slab":5,"minecraft:cobblestone":3,"minecraft:copper_ore":60,"minecraft:deepslate_gold_ore":5,"minecraft:lapis_ore":8,"minecraft:sugar_cane":5,"minecraft:oak_planks":134,"minecraft:crimson_stairs":55,"minecraft:diorite":14,"minecraft:wall_torch":3,"minecraft:deepslate_copper_ore":9,"minecraft:wheat":55,"minecraft:oak_log":45,"minecraft:coal_ore":248,"minecraft:gravel":35,"minecraft:dirt":330,"minecraft:acacia_planks":7,"minecraft:oak_leaves":42,"minecraft:deepslate":21,"minecraft:fern":2}},"DataVersion":3955}