{"stats":{"minecraft:used":{"minecraft:jungle_leaves":4,"minecraft:iron_shovel":276,"minecraft:acacia_log":3,"minecraft:shield":2,"minecraft:chest":10,"minecraft:stone":2,"minecraft:orange_bed":1,"minecraft:torch":144,"minecraft:dirt":29,"minecraft:iron_axe":551,"minecraft:furnace":7,"minecraft:egg":1,"minecraft:wheat_seeds":26,"minecraft:stone_pickaxe":358,"minecraft:oak_planks":134,"minecraft:wooden_pickaxe":70,"minecraft:vine":7,"minecraft:crafting_table":7,"minecraft:red_bed":2,"minecraft:bamboo_block":1,"minecraft:shears":19,"minecraft:oak_log":2,"minecraft:bread":46,"minecraft:iron_pickaxe":1580,"minecraft:stone_axe":22,"minecraft:cobblestone":33,"minecraft:cooked_porkchop":8},"minecraft:custom":{"minecraft:mob_kills":15,"minecraft:interact_with_crafting_table":30,"minecraft:open_barrel":2,"minecraft:bell_ring":1,"minecraft:leave_game":9,"minecraft:time_since_death":213938,"minecraft:climb_one_cm":15643,"minecraft:sprint_one_cm":682973,"minecraft:walk_one_cm":909240,"minecraft:damage_blocked_by_shield":50,"minecraft:drop":153,"minecraft:play_time":256512,"minecraft:deaths":1,"minecraft:sneak_time":5579,"minecraft:walk_under_water_one_cm":18787,"minecraft:jump":3775,"minecraft:walk_on_water_one_cm":21836,"minecraft:total_world_time":256512,"minecraft:interact_with_furnace":46,"minecraft:interact_with_cartography_table":1,"minecraft:sleep_in_bed":9,"minecraft:time_since_rest":120868,"minecraft:damage_taken":2428,"minecraft:damage_dealt":3127,"minecraft:swim_one_cm":57185,"minecraft:fly_one_cm":518885,"minecraft:open_chest":55,"minecraft:crouch_one_cm":17569,"minecraft:interact_with_smoker":1,"minecraft:fall_one_cm":92870},"minecraft:picked_up":{"minecraft:cocoa_beans":12,"minecraft:crafting_table":4,"minecraft:wheat":46,"minecraft:red_bed":3,"minecraft:string":1,"minecraft:raw_copper":192,"minecraft:cobbled_deepslate":21,"minecraft:jungle_sapling":2,"minecraft:poppy":1,"minecraft:melon_slice":88,"minecraft:sugar_cane":5,"minecraft:chest":6,"minecraft:egg":5,"minecraft:furnace":3,"minecraft:raw_iron":106,"minecraft:stick":15,"minecraft:torch":11,"minecraft:acacia_log":168,"minecraft:diorite":14,"minecraft:vine":7,"minecraft:redstone":28,"minecraft:orange_bed":2,"minecraft:arrow":2,"minecraft:rotten_flesh":4,"minecraft:hay_block":54,"minecraft:armadillo_scute":3,"minecraft:cobblestone":1527,"minecraft:andesite":23,"minecraft:jungle_log":46,"minecraft:flint":2,"minecraft:oak_log":45,"minecraft:gunpowder":2,"minecraft:lapis_lazuli":56,"minecraft:dirt":307,"minecraft:stripped_bamboo_block":1,"minecraft:bone":2,"minecraft:acacia_planks":1,"minecraft:apple":1,"minecraft:wheat_seeds":140,"minecraft:raw_gold":5,"minecraft:bamboo":1082,"minecraft:acacia_sapling":15,"minecraft:oak_planks":118,"minecraft:cooked_porkchop":8,"minecraft:gravel":32,"minecraft:jungle_leaves":11,"minecraft:diamond":2,"minecraft:granite":6,"minecraft:bread":46,"minecraft:oak_sapling":15,"minecraft:melon_seeds":12,"minecraft:coal":253},"minecraft:killed_by":{"minecraft:skeleton":1},"minecraft:dropped":{"minecraft:apple":1,"minecraft:acacia_log":150,"minecraft:jungle_sapling":1,"minecraft:acacia_planks":1},"minecraft:broken":{"minecraft:iron_shovel":1,"minecraft:wooden_pickaxe":1,"minecraft:stone_pickaxe":2,"minecraft:iron_axe":2,"minecraft:iron_pickaxe":6},"minecraft:crafted":{"minecraft:oak_planks":172,"minecraft:furnace":4,"minecraft:stone":128,"minecraft:bamboo_block":114,"minecraft:iron_boots":1,"minecraft:iron_axe":3,"minecraft:stone_pickaxe":3,"minecraft:chest":8,"minecraft:crafting_table":3,"minecraft:wooden_pickaxe":2,"minecraft:iron_helmet":1,"minecraft:copper_ingot":42,"minecraft:stone_axe":1,"minecraft:bread":8,"minecraft:air":0,"minecraft:iron_chestplate":1,"minecraft:shield":1,"minecraft:stick":76,"minecraft:iron_ingot":63,"minecraft:iron_pickaxe":7,"minecraft:iron_shovel":2,"minecraft:iron_leggings":1,"minecraft:acacia_planks":60,"minecraft:torch":212,"minecraft:shears":1},"minecraft:killed":{"minecraft:spider":1,"minecraft:skeleton":2,"minecraft:creeper":1,"minecraft:pillager":2,"minecraft:zombie":9},"minecraft:mined":{"minecraft:deepslate_diamond_ore":2,"minecraft:jungle_leaves":28,"minecraft:glow_lichen":2,"minecraft:granite":7,"minecraft:acacia_log":171,"minecraft:grass_block":96,"minecraft:jungle_log":46,"minecraft:hay_block":56,"minecraft:tall_seagrass":2,"minecraft:redstone_ore":5,"minecraft:furnace":3,"minecraft:iron_ore":98,"minecraft:andesite":24,"minecraft:vine":21,"minecraft:deepslate_iron_ore":8,"minecraft:stripped_bamboo_block":1,"minecraft:bamboo":115,"minecraft:stone":1470,"minecraft:orange_bed":2,"minecraft:deepslate_redstone_ore":1,"minecraft:acacia_leaves":14,"minecraft:red_bed":3,"minecraft:melon_stem":10,"minecraft:crafting_table":4,"minecraft:torch":2,"minecraft:short_grass":20,"minecraft:melon":17,"minecraft:chest":6,"minecraft:cobblestone":1,"minecraft:copper_ore":50,"minecraft:deepslate_gold_ore":5,"minecraft:lapis_ore":8,"minecraft:sugar_cane":5,"minecraft:oak_planks":134,"minecraft:diorite":14,"minecraft:wall_torch":2,"minecraft:deepslate_copper_ore":9,"minecraft:wheat":55,"minecraft:oak_log":45,"minecraft:coal_ore":248,"minecraft:gravel":35,"minecraft:dirt":216,"minecraft:acacia_planks":7,"minecraft:oak_leaves":42,"minecraft:deepslate":21,"minecraft:fern":2}},"DataVersion":3955}