{"stats":{"minecraft:crafted":{"minecraft:oak_planks":24,"minecraft:crafting_table":2,"minecraft:wooden_pickaxe":2,"minecraft:furnace":2,"minecraft:stone_axe":1,"minecraft:air":0,"minecraft:iron_axe":1,"minecraft:stick":40,"minecraft:iron_ingot":8,"minecraft:iron_pickaxe":1,"minecraft:stone_pickaxe":2,"minecraft:acacia_planks":60,"minecraft:torch":124},"minecraft:used":{"minecraft:acacia_log":3,"minecraft:stone_pickaxe":227,"minecraft:wooden_pickaxe":70,"minecraft:orange_bed":1,"minecraft:torch":92,"minecraft:dirt":7,"minecraft:crafting_table":4,"minecraft:red_bed":2,"minecraft:bread":21,"minecraft:iron_pickaxe":98,"minecraft:stone_axe":22,"minecraft:cobblestone":10,"minecraft:furnace":2,"minecraft:cooked_porkchop":3,"minecraft:egg":1},"minecraft:custom":{"minecraft:interact_with_furnace":3,"minecraft:mob_kills":11,"minecraft:interact_with_crafting_table":7,"minecraft:interact_with_cartography_table":1,"minecraft:open_barrel":2,"minecraft:bell_ring":1,"minecraft:leave_game":2,"minecraft:time_since_death":29635,"minecraft:sleep_in_bed":6,"minecraft:climb_one_cm":559,"minecraft:time_since_rest":27683,"minecraft:sprint_one_cm":242807,"minecraft:damage_taken":1579,"minecraft:walk_one_cm":382643,"minecraft:drop":1,"minecraft:damage_dealt":2272,"minecraft:swim_one_cm":10160,"minecraft:fly_one_cm":158239,"minecraft:open_chest":14,"minecraft:crouch_one_cm":3331,"minecraft:play_time":72209,"minecraft:deaths":1,"minecraft:sneak_time":1049,"minecraft:walk_under_water_one_cm":16020,"minecraft:jump":1172,"minecraft:walk_on_water_one_cm":10672,"minecraft:total_world_time":72209,"minecraft:fall_one_cm":28505},"minecraft:broken":{"minecraft:stone_pickaxe":1,"minecraft:wooden_pickaxe":1},"minecraft:dropped":{"minecraft:apple":1},"minecraft:killed_by":{"minecraft:skeleton":1},"minecraft:killed":{"minecraft:spider":1,"minecraft:creeper":1,"minecraft:skeleton":2,"minecraft:zombie":7},"minecraft:picked_up":{"minecraft:crafting_table":2,"minecraft:wheat":20,"minecraft:andesite":19,"minecraft:oak_log":6,"minecraft:gunpowder":2,"minecraft:string":1,"minecraft:dirt":16,"minecraft:red_bed":3,"minecraft:bone":2,"minecraft:apple":1,"minecraft:wheat_seeds":69,"minecraft:melon_slice":35,"minecraft:sugar_cane":5,"minecraft:acacia_sapling":10,"minecraft:egg":1,"minecraft:stick":5,"minecraft:raw_iron":92,"minecraft:cooked_porkchop":8,"minecraft:torch":5,"minecraft:acacia_log":18,"minecraft:diorite":5,"minecraft:orange_bed":2,"minecraft:arrow":2,"minecraft:rotten_flesh":3,"minecraft:hay_block":54,"minecraft:granite":2,"minecraft:armadillo_scute":3,"minecraft:bread":15,"minecraft:oak_sapling":7,"minecraft:melon_seeds":12,"minecraft:coal":82,"minecraft:cobblestone":236},"minecraft:mined":{"minecraft:acacia_leaves":1,"minecraft:red_bed":3,"minecraft:melon_stem":10,"minecraft:crafting_table":2,"minecraft:glow_lichen":1,"minecraft:granite":2,"minecraft:short_grass":11,"minecraft:acacia_log":18,"minecraft:grass_block":8,"minecraft:melon":7,"minecraft:sugar_cane":5,"minecraft:diorite":5,"minecraft:wall_torch":1,"minecraft:hay_block":56,"minecraft:iron_ore":91,"minecraft:wheat":29,"minecraft:andesite":20,"minecraft:coal_ore":78,"minecraft:oak_log":6,"minecraft:deepslate_iron_ore":1,"minecraft:gravel":1,"minecraft:dirt":6,"minecraft:stone":174,"minecraft:oak_leaves":9,"minecraft:orange_bed":2}},"DataVersion":3955}