{"stats":{"minecraft:crafted":{"minecraft:oak_planks":172,"minecraft:crafting_table":2,"minecraft:wooden_pickaxe":2,"minecraft:furnace":2,"minecraft:stone_axe":1,"minecraft:air":0,"minecraft:iron_axe":1,"minecraft:stick":48,"minecraft:iron_ingot":8,"minecraft:iron_pickaxe":1,"minecraft:stone_pickaxe":2,"minecraft:acacia_planks":60,"minecraft:torch":156,"minecraft:shears":1},"minecraft:used":{"minecraft:jungle_leaves":4,"minecraft:acacia_log":3,"minecraft:stone_pickaxe":227,"minecraft:oak_planks":134,"minecraft:wooden_pickaxe":70,"minecraft:orange_bed":1,"minecraft:torch":106,"minecraft:dirt":7,"minecraft:vine":7,"minecraft:crafting_table":4,"minecraft:red_bed":2,"minecraft:shears":19,"minecraft:oak_log":2,"minecraft:iron_axe":182,"minecraft:bread":27,"minecraft:iron_pickaxe":240,"minecraft:stone_axe":22,"minecraft:cobblestone":27,"minecraft:furnace":2,"minecraft:cooked_porkchop":3,"minecraft:egg":1},"minecraft:custom":{"minecraft:interact_with_furnace":4,"minecraft:mob_kills":12,"minecraft:interact_with_crafting_table":7,"minecraft:interact_with_cartography_table":1,"minecraft:open_barrel":2,"minecraft:bell_ring":1,"minecraft:leave_game":2,"minecraft:time_since_death":53635,"minecraft:sleep_in_bed":8,"minecraft:climb_one_cm":6593,"minecraft:time_since_rest":0,"minecraft:sprint_one_cm":278943,"minecraft:damage_taken":1664,"minecraft:walk_one_cm":458798,"minecraft:drop":1,"minecraft:damage_dealt":2406,"minecraft:swim_one_cm":11096,"minecraft:fly_one_cm":191639,"minecraft:open_chest":16,"minecraft:crouch_one_cm":14873,"minecraft:play_time":96209,"minecraft:deaths":1,"minecraft:sneak_time":3835,"minecraft:walk_under_water_one_cm":17070,"minecraft:jump":1541,"minecraft:walk_on_water_one_cm":14476,"minecraft:interact_with_smoker":1,"minecraft:total_world_time":96209,"minecraft:fall_one_cm":36526},"minecraft:broken":{"minecraft:stone_pickaxe":1,"minecraft:iron_pickaxe":1,"minecraft:wooden_pickaxe":1},"minecraft:dropped":{"minecraft:apple":1},"minecraft:killed_by":{"minecraft:skeleton":1},"minecraft:killed":{"minecraft:spider":1,"minecraft:creeper":1,"minecraft:skeleton":2,"minecraft:zombie":8},"minecraft:picked_up":{"minecraft:crafting_table":2,"minecraft:wheat":20,"minecraft:jungle_log":6,"minecraft:andesite":21,"minecraft:oak_log":45,"minecraft:gunpowder":2,"minecraft:string":1,"minecraft:dirt":16,"minecraft:red_bed":3,"minecraft:bone":2,"minecraft:apple":1,"minecraft:wheat_seeds":69,"minecraft:melon_slice":35,"minecraft:sugar_cane":5,"minecraft:oak_planks":95,"minecraft:acacia_sapling":10,"minecraft:egg":1,"minecraft:stick":11,"minecraft:raw_iron":94,"minecraft:cooked_porkchop":8,"minecraft:torch":7,"minecraft:acacia_log":18,"minecraft:diorite":12,"minecraft:vine":7,"minecraft:jungle_leaves":11,"minecraft:orange_bed":2,"minecraft:arrow":2,"minecraft:rotten_flesh":3,"minecraft:hay_block":54,"minecraft:granite":3,"minecraft:armadillo_scute":3,"minecraft:bread":15,"minecraft:oak_sapling":10,"minecraft:melon_seeds":12,"minecraft:coal":161,"minecraft:cobblestone":285},"minecraft:mined":{"minecraft:acacia_leaves":1,"minecraft:red_bed":3,"minecraft:melon_stem":10,"minecraft:jungle_leaves":20,"minecraft:crafting_table":2,"minecraft:glow_lichen":2,"minecraft:granite":3,"minecraft:short_grass":11,"minecraft:acacia_log":18,"minecraft:grass_block":8,"minecraft:melon":7,"minecraft:jungle_log":6,"minecraft:oak_planks":134,"minecraft:sugar_cane":5,"minecraft:diorite":12,"minecraft:wall_torch":1,"minecraft:hay_block":56,"minecraft:iron_ore":93,"minecraft:wheat":29,"minecraft:andesite":22,"minecraft:coal_ore":156,"minecraft:oak_log":45,"minecraft:vine":10,"minecraft:deepslate_iron_ore":1,"minecraft:gravel":1,"minecraft:dirt":6,"minecraft:stone":224,"minecraft:oak_leaves":22,"minecraft:orange_bed":2}},"DataVersion":3955}