{"stats":{"minecraft:used":{"minecraft:jungle_leaves":4,"minecraft:iron_shovel":601,"minecraft:acacia_log":3,"minecraft:chest":12,"minecraft:shield":4,"minecraft:stone":2,"minecraft:orange_bed":1,"minecraft:torch":218,"minecraft:dirt":124,"minecraft:iron_axe":729,"minecraft:crimson_slab":23,"minecraft:furnace":8,"minecraft:egg":1,"minecraft:wheat_seeds":26,"minecraft:stone_pickaxe":358,"minecraft:oak_planks":134,"minecraft:wooden_pickaxe":70,"minecraft:vine":7,"minecraft:crafting_table":7,"minecraft:red_bed":2,"minecraft:bamboo_block":1,"minecraft:shears":19,"minecraft:oak_log":2,"minecraft:diamond_shovel":789,"minecraft:bread":60,"minecraft:iron_pickaxe":2992,"minecraft:stone_axe":22,"minecraft:cobblestone":148,"minecraft:crimson_stairs":479,"minecraft:cooked_porkchop":8},"minecraft:custom":{"minecraft:mob_kills":22,"minecraft:interact_with_crafting_table":39,"minecraft:open_barrel":2,"minecraft:bell_ring":1,"minecraft:leave_game":12,"minecraft:time_since_death":320467,"minecraft:climb_one_cm":16497,"minecraft:sprint_one_cm":812770,"minecraft:walk_one_cm":1387839,"minecraft:damage_blocked_by_shield":105,"minecraft:drop":173,"minecraft:play_time":363041,"minecraft:deaths":1,"minecraft:sneak_time":7448,"minecraft:walk_under_water_one_cm":20450,"minecraft:jump":4664,"minecraft:walk_on_water_one_cm":30413,"minecraft:total_world_time":363041,"minecraft:interact_with_furnace":67,"minecraft:interact_with_cartography_table":1,"minecraft:sleep_in_bed":13,"minecraft:time_since_rest":46307,"minecraft:damage_taken":2933,"minecraft:damage_dealt":4857,"minecraft:swim_one_cm":67071,"minecraft:fly_one_cm":629457,"minecraft:open_chest":78,"minecraft:crouch_one_cm":22609,"minecraft:interact_with_smoker":1,"minecraft:fall_one_cm":110066},"minecraft:picked_up":{"minecraft:cocoa_beans":12,"minecraft:crafting_table":4,"minecraft:wheat":46,"minecraft:azure_bluet":1,"minecraft:clay_ball":43,"minecraft:cornflower":4,"minecraft:moss_carpet":3,"minecraft:red_bed":3,"minecraft:string":1,"minecraft:raw_copper":447,"minecraft:cobbled_deepslate":21,"minecraft:azalea":2,"minecraft:jungle_sapling":2,"minecraft:poppy":1,"minecraft:melon_slice":88,"minecraft:sugar_cane":5,"minecraft:chest":6,"minecraft:phantom_membrane":1,"minecraft:egg":5,"minecraft:furnace":3,"minecraft:stick":15,"minecraft:raw_iron":109,"minecraft:big_dripleaf":3,"minecraft:torch":20,"minecraft:acacia_log":168,"minecraft:diorite":14,"minecraft:vine":7,"minecraft:redstone":28,"minecraft:orange_bed":2,"minecraft:rotten_flesh":12,"minecraft:arrow":2,"minecraft:tropical_fish":8,"minecraft:hay_block":54,"minecraft:armadillo_scute":3,"minecraft:glow_berries":1,"minecraft:crimson_slab":54,"minecraft:cobblestone":2836,"minecraft:andesite":27,"minecraft:jungle_log":46,"minecraft:flint":2,"minecraft:oak_log":45,"minecraft:gunpowder":2,"minecraft:lapis_lazuli":56,"minecraft:dirt":1319,"minecraft:stripped_bamboo_block":1,"minecraft:bone":2,"minecraft:acacia_planks":1,"minecraft:apple":1,"minecraft:wheat_seeds":152,"minecraft:raw_gold":5,"minecraft:flowering_azalea":3,"minecraft:moss_block":23,"minecraft:bamboo":1082,"minecraft:acacia_sapling":15,"minecraft:oak_planks":118,"minecraft:cooked_porkchop":8,"minecraft:dandelion":12,"minecraft:gravel":32,"minecraft:crimson_stairs":485,"minecraft:jungle_leaves":11,"minecraft:diamond_shovel":2,"minecraft:diamond":2,"minecraft:granite":6,"minecraft:bread":46,"minecraft:oak_sapling":15,"minecraft:melon_seeds":12,"minecraft:coal":257},"minecraft:killed_by":{"minecraft:skeleton":1},"minecraft:dropped":{"minecraft:apple":1,"minecraft:acacia_log":150,"minecraft:dirt":64,"minecraft:cornflower":2,"minecraft:jungle_sapling":1,"minecraft:acacia_planks":1,"minecraft:diamond_shovel":2,"minecraft:crimson_slab":16},"minecraft:broken":{"minecraft:iron_shovel":2,"minecraft:wooden_pickaxe":1,"minecraft:stone_pickaxe":2,"minecraft:iron_axe":3,"minecraft:iron_pickaxe":12},"minecraft:crafted":{"minecraft:oak_planks":172,"minecraft:furnace":5,"minecraft:stone":128,"minecraft:bamboo_block":114,"minecraft:iron_boots":1,"minecraft:iron_axe":4,"minecraft:stone_pickaxe":3,"minecraft:chest":8,"minecraft:crafting_table":3,"minecraft:wooden_pickaxe":2,"minecraft:iron_helmet":1,"minecraft:copper_ingot":128,"minecraft:stone_axe":1,"minecraft:bread":8,"minecraft:air":0,"minecraft:iron_chestplate":1,"minecraft:shield":1,"minecraft:stick":100,"minecraft:iron_ingot":78,"minecraft:iron_pickaxe":12,"minecraft:iron_shovel":3,"minecraft:iron_leggings":1,"minecraft:acacia_planks":60,"minecraft:torch":260,"minecraft:shears":1},"minecraft:killed":{"minecraft:spider":1,"minecraft:phantom":1,"minecraft:skeleton":2,"minecraft:creeper":1,"minecraft:pillager":2,"minecraft:zombie":15},"minecraft:mined":{"minecraft:deepslate_diamond_ore":2,"minecraft:jungle_leaves":28,"minecraft:glow_lichen":2,"minecraft:granite":7,"minecraft:acacia_log":171,"minecraft:grass_block":572,"minecraft:jungle_log":46,"minecraft:moss_block":14,"minecraft:hay_block":56,"minecraft:tall_seagrass":2,"minecraft:redstone_ore":5,"minecraft:furnace":3,"minecraft:iron_ore":101,"minecraft:andesite":28,"minecraft:moss_carpet":1,"minecraft:big_dripleaf_stem":1,"minecraft:deepslate_iron_ore":8,"minecraft:vine":22,"minecraft:stripped_bamboo_block":1,"minecraft:bamboo":115,"minecraft:stone":2779,"minecraft:orange_bed":2,"minecraft:deepslate_redstone_ore":1,"minecraft:acacia_leaves":14,"minecraft:red_bed":3,"minecraft:melon_stem":10,"minecraft:clay":2,"minecraft:crafting_table":4,"minecraft:torch":2,"minecraft:short_grass":25,"minecraft:melon":17,"minecraft:chest":6,"minecraft:crimson_slab":8,"minecraft:cobblestone":3,"minecraft:tall_grass":8,"minecraft:copper_ore":122,"minecraft:deepslate_gold_ore":5,"minecraft:lapis_ore":8,"minecraft:sugar_cane":5,"minecraft:oak_planks":134,"minecraft:diorite":14,"minecraft:wall_torch":5,"minecraft:crimson_stairs":145,"minecraft:deepslate_copper_ore":9,"minecraft:wheat":55,"minecraft:oak_log":45,"minecraft:coal_ore":252,"minecraft:gravel":35,"minecraft:dirt":868,"minecraft:acacia_planks":7,"minecraft:oak_leaves":42,"minecraft:deepslate":21,"minecraft:fern":2}},"DataVersion":3955}