{"stats":{"minecraft:used":{"minecraft:jungle_leaves":4,"minecraft:acacia_log":3,"minecraft:iron_shovel":695,"minecraft:tropical_fish":1,"minecraft:chest":14,"minecraft:shield":7,"minecraft:stone":2,"minecraft:cooked_chicken":13,"minecraft:orange_bed":1,"minecraft:torch":399,"minecraft:dirt":130,"minecraft:spyglass":28,"minecraft:iron_axe":761,"minecraft:crimson_slab":23,"minecraft:stone_brick_stairs":27,"minecraft:furnace":8,"minecraft:egg":1,"minecraft:wheat_seeds":26,"minecraft:stone_pickaxe":491,"minecraft:oak_planks":134,"minecraft:wooden_pickaxe":70,"minecraft:vine":7,"minecraft:crafting_table":8,"minecraft:red_bed":2,"minecraft:blast_furnace":2,"minecraft:bamboo_block":1,"minecraft:shears":19,"minecraft:oak_log":2,"minecraft:diamond_shovel":789,"minecraft:bread":73,"minecraft:melon_slice":18,"minecraft:iron_pickaxe":4168,"minecraft:stone_axe":22,"minecraft:cobblestone":269,"minecraft:crimson_stairs":479,"minecraft:cooked_porkchop":8},"minecraft:custom":{"minecraft:mob_kills":34,"minecraft:interact_with_crafting_table":68,"minecraft:open_barrel":2,"minecraft:bell_ring":1,"minecraft:leave_game":21,"minecraft:time_since_death":484369,"minecraft:climb_one_cm":27613,"minecraft:sprint_one_cm":1312789,"minecraft:walk_one_cm":1801137,"minecraft:damage_blocked_by_shield":190,"minecraft:drop":199,"minecraft:talked_to_villager":3,"minecraft:play_time":526943,"minecraft:deaths":1,"minecraft:sneak_time":10150,"minecraft:walk_under_water_one_cm":34021,"minecraft:jump":6922,"minecraft:interact_with_blast_furnace":45,"minecraft:walk_on_water_one_cm":52341,"minecraft:total_world_time":526943,"minecraft:interact_with_furnace":159,"minecraft:interact_with_cartography_table":1,"minecraft:sleep_in_bed":15,"minecraft:time_since_rest":13083,"minecraft:damage_taken":3929,"minecraft:minecart_one_cm":25807,"minecraft:damage_dealt":7236,"minecraft:swim_one_cm":109931,"minecraft:fly_one_cm":982551,"minecraft:open_chest":148,"minecraft:crouch_one_cm":30503,"minecraft:interact_with_smoker":1,"minecraft:fall_one_cm":166424,"minecraft:horse_one_cm":19727},"minecraft:picked_up":{"minecraft:cocoa_beans":12,"minecraft:crafting_table":4,"minecraft:wheat":46,"minecraft:azure_bluet":1,"minecraft:clay_ball":43,"minecraft:amethyst_block":3,"minecraft:cornflower":4,"minecraft:raw_copper":972,"minecraft:red_bed":3,"minecraft:string":5,"minecraft:moss_carpet":3,"minecraft:cobbled_deepslate":51,"minecraft:jungle_sapling":2,"minecraft:calcite":2,"minecraft:azalea":2,"minecraft:poppy":1,"minecraft:melon_slice":88,"minecraft:sugar_cane":5,"minecraft:chest":6,"minecraft:phantom_membrane":1,"minecraft:egg":5,"minecraft:furnace":3,"minecraft:stick":15,"minecraft:raw_iron":202,"minecraft:big_dripleaf":8,"minecraft:torch":24,"minecraft:acacia_log":168,"minecraft:diorite":24,"minecraft:vine":7,"minecraft:redstone":100,"minecraft:orange_bed":2,"minecraft:rotten_flesh":17,"minecraft:arrow":7,"minecraft:tropical_fish":20,"minecraft:hay_block":54,"minecraft:armadillo_scute":3,"minecraft:glow_berries":1,"minecraft:crimson_slab":54,"minecraft:cobblestone":3650,"minecraft:andesite":37,"minecraft:jungle_log":46,"minecraft:flint":2,"minecraft:tuff":6,"minecraft:oak_log":45,"minecraft:gunpowder":2,"minecraft:lapis_lazuli":166,"minecraft:dirt":1409,"minecraft:stripped_bamboo_block":1,"minecraft:bone":28,"minecraft:acacia_planks":1,"minecraft:apple":1,"minecraft:wheat_seeds":157,"minecraft:raw_gold":22,"minecraft:cooked_chicken":13,"minecraft:bamboo":1082,"minecraft:acacia_sapling":15,"minecraft:moss_block":30,"minecraft:oak_planks":118,"minecraft:flowering_azalea":3,"minecraft:cooked_porkchop":8,"minecraft:dandelion":12,"minecraft:gravel":32,"minecraft:crimson_stairs":485,"minecraft:amethyst_shard":40,"minecraft:jungle_leaves":11,"minecraft:diamond_shovel":2,"minecraft:diamond":8,"minecraft:granite":7,"minecraft:bread":48,"minecraft:oak_sapling":15,"minecraft:melon_seeds":12,"minecraft:coal":380},"minecraft:killed_by":{"minecraft:skeleton":1},"minecraft:dropped":{"minecraft:apple":1,"minecraft:acacia_log":150,"minecraft:dirt":64,"minecraft:cornflower":2,"minecraft:jungle_sapling":1,"minecraft:acacia_planks":1,"minecraft:bone":25,"minecraft:spyglass":1,"minecraft:diamond_shovel":2,"minecraft:crimson_slab":16},"minecraft:broken":{"minecraft:iron_shovel":2,"minecraft:wooden_pickaxe":1,"minecraft:stone_pickaxe":3,"minecraft:iron_axe":3,"minecraft:iron_pickaxe":16},"minecraft:crafted":{"minecraft:smooth_stone":80,"minecraft:oak_planks":172,"minecraft:spyglass":1,"minecraft:furnace":15,"minecraft:blast_furnace":2,"minecraft:stone":320,"minecraft:cracked_stone_bricks":22,"minecraft:bamboo_block":114,"minecraft:iron_boots":1,"minecraft:iron_axe":4,"minecraft:stone_pickaxe":4,"minecraft:chest":8,"minecraft:copper_block":4,"minecraft:stone_bricks":64,"minecraft:crafting_table":4,"minecraft:wooden_pickaxe":2,"minecraft:iron_helmet":1,"minecraft:copper_ingot":903,"minecraft:stone_axe":1,"minecraft:bread":8,"minecraft:air":0,"minecraft:stone_brick_stairs":28,"minecraft:iron_chestplate":1,"minecraft:shield":1,"minecraft:stick":164,"minecraft:iron_ingot":155,"minecraft:iron_pickaxe":18,"minecraft:gold_ingot":22,"minecraft:iron_shovel":3,"minecraft:iron_leggings":1,"minecraft:acacia_planks":60,"minecraft:torch":404,"minecraft:shears":1},"minecraft:killed":{"minecraft:spider":3,"minecraft:phantom":1,"minecraft:skeleton":5,"minecraft:creeper":1,"minecraft:pillager":2,"minecraft:zombie":22},"minecraft:mined":{"minecraft:tuff":6,"minecraft:deepslate_diamond_ore":8,"minecraft:jungle_leaves":28,"minecraft:glow_lichen":2,"minecraft:granite":8,"minecraft:acacia_log":171,"minecraft:grass_block":622,"minecraft:jungle_log":46,"minecraft:moss_block":23,"minecraft:hay_block":56,"minecraft:tall_seagrass":2,"minecraft:redstone_ore":5,"minecraft:furnace":3,"minecraft:iron_ore":185,"minecraft:andesite":38,"minecraft:moss_carpet":2,"minecraft:deepslate_lapis_ore":13,"minecraft:big_dripleaf_stem":1,"minecraft:vine":22,"minecraft:deepslate_iron_ore":17,"minecraft:small_amethyst_bud":2,"minecraft:bamboo":115,"minecraft:stripped_bamboo_block":1,"minecraft:stone":3564,"minecraft:orange_bed":2,"minecraft:deepslate_redstone_ore":18,"minecraft:acacia_leaves":14,"minecraft:red_bed":3,"minecraft:melon_stem":10,"minecraft:amethyst_cluster":11,"minecraft:clay":2,"minecraft:crafting_table":4,"minecraft:torch":2,"minecraft:short_grass":29,"minecraft:calcite":2,"minecraft:melon":17,"minecraft:chest":6,"minecraft:crimson_slab":8,"minecraft:copper_ore":260,"minecraft:tall_grass":9,"minecraft:cobblestone":21,"minecraft:deepslate_gold_ore":22,"minecraft:lapis_ore":12,"minecraft:sugar_cane":5,"minecraft:oak_planks":134,"minecraft:diorite":24,"minecraft:wall_torch":5,"minecraft:crimson_stairs":145,"minecraft:amethyst_block":3,"minecraft:deepslate_copper_ore":19,"minecraft:wheat":55,"minecraft:oak_log":45,"minecraft:coal_ore":376,"minecraft:gravel":35,"minecraft:dirt":908,"minecraft:acacia_planks":7,"minecraft:oak_leaves":42,"minecraft:deepslate":46,"minecraft:fern":3}},"DataVersion":3955}