{"stats":{"minecraft:custom":{"minecraft:jump":57,"minecraft:time_since_rest":1929,"minecraft:damage_dealt":15,"minecraft:crouch_one_cm":113,"minecraft:sprint_one_cm":10519,"minecraft:play_time":1929,"minecraft:walk_on_water_one_cm":202,"minecraft:time_since_death":1929,"minecraft:walk_one_cm":3324,"minecraft:sneak_time":12,"minecraft:total_world_time":1929,"minecraft:fall_one_cm":1486,"minecraft:fly_one_cm":12903},"minecraft:picked_up":{"minecraft:stick":7},"minecraft:mined":{"minecraft:dead_bush":4}},"DataVersion":3955}