{"stats":{"minecraft:crafted":{"minecraft:oak_planks":340,"minecraft:emerald":22,"minecraft:crafting_table":4,"minecraft:wooden_pickaxe":1,"minecraft:iron_helmet":1,"minecraft:furnace":1,"minecraft:stone_axe":1,"minecraft:enchanted_book":1,"minecraft:air":0,"minecraft:diamond_helmet":1,"minecraft:iron_boots":1,"minecraft:iron_chestplate":1,"minecraft:diamond_pickaxe":1,"minecraft:iron_axe":1,"minecraft:stick":720,"minecraft:iron_ingot":27,"minecraft:stone_pickaxe":2,"minecraft:iron_block":3,"minecraft:diamond_boots":1,"minecraft:iron_leggings":1,"minecraft:anvil":1,"minecraft:acacia_planks":24,"minecraft:torch":12,"minecraft:diamond_chestplate":1},"minecraft:used":{"minecraft:stone_pickaxe":246,"minecraft:oak_planks":1,"minecraft:wooden_pickaxe":36,"minecraft:sandstone":6,"minecraft:fletching_table":4,"minecraft:torch":18,"minecraft:orange_bed":1,"minecraft:anvil":1,"minecraft:oak_slab":1,"minecraft:crafting_table":4,"minecraft:white_bed":1,"minecraft:diamond_pickaxe":1,"minecraft:apple":1,"minecraft:iron_axe":68,"minecraft:bread":23,"minecraft:iron_pickaxe":250,"minecraft:lectern":5,"minecraft:barrel":1,"minecraft:stone_axe":100,"minecraft:cobblestone":50,"minecraft:furnace":2,"minecraft:andesite":2,"minecraft:cobbled_deepslate":130},"minecraft:custom":{"minecraft:interact_with_furnace":16,"minecraft:interact_with_anvil":3,"minecraft:mob_kills":22,"minecraft:traded_with_villager":23,"minecraft:interact_with_crafting_table":20,"minecraft:open_barrel":4,"minecraft:leave_game":3,"minecraft:time_since_death":80230,"minecraft:sleep_in_bed":4,"minecraft:time_since_rest":9294,"minecraft:sprint_one_cm":224998,"minecraft:damage_taken":883,"minecraft:walk_one_cm":202030,"minecraft:drop":29,"minecraft:damage_dealt":3976,"minecraft:swim_one_cm":4448,"minecraft:talked_to_villager":19,"minecraft:fly_one_cm":211091,"minecraft:open_chest":8,"minecraft:crouch_one_cm":1234,"minecraft:play_time":80230,"minecraft:sneak_time":599,"minecraft:walk_under_water_one_cm":389,"minecraft:jump":1366,"minecraft:walk_on_water_one_cm":2296,"minecraft:total_world_time":80230,"minecraft:fall_one_cm":28933},"minecraft:broken":{"minecraft:stone_pickaxe":2,"minecraft:stone_axe":1,"minecraft:iron_pickaxe":1},"minecraft:dropped":{"minecraft:iron_ingot":33,"minecraft:bread":10,"minecraft:diamond":3,"minecraft:chicken":1,"minecraft:cobblestone":15,"minecraft:wooden_pickaxe":1},"minecraft:killed":{"minecraft:spider":3,"minecraft:iron_golem":1,"minecraft:creeper":1,"minecraft:skeleton":2,"minecraft:sheep":3,"minecraft:zombie":8,"minecraft:chicken":1,"minecraft:cow":3},"minecraft:picked_up":{"minecraft:feather":1,"minecraft:chicken":1,"minecraft:andesite":2,"minecraft:brown_wool":1,"minecraft:leather":2,"minecraft:tuff":6,"minecraft:oak_log":85,"minecraft:brewing_stand":1,"minecraft:string":2,"minecraft:lapis_lazuli":55,"minecraft:dirt":4,"minecraft:paper":5,"minecraft:raw_copper":9,"minecraft:bone":2,"minecraft:apple":1,"minecraft:wheat_seeds":1,"minecraft:gold_nugget":3,"minecraft:cobbled_deepslate":267,"minecraft:beef":5,"minecraft:fletching_table":4,"minecraft:iron_pickaxe":1,"minecraft:lectern":5,"minecraft:melon_slice":6,"minecraft:oak_planks":20,"minecraft:furnace":1,"minecraft:book":12,"minecraft:oak_slab":1,"minecraft:stick":14,"minecraft:raw_iron":34,"minecraft:sandstone":6,"minecraft:torch":6,"minecraft:acacia_log":6,"minecraft:gravel":2,"minecraft:diorite":2,"minecraft:white_bed":1,"minecraft:redstone":13,"minecraft:barrel":1,"minecraft:orange_bed":2,"minecraft:arrow":2,"minecraft:rotten_flesh":11,"minecraft:diamond":23,"minecraft:granite":16,"minecraft:bread":44,"minecraft:oak_sapling":11,"minecraft:mutton":6,"minecraft:coal":15,"minecraft:white_wool":2,"minecraft:cobblestone":130},"minecraft:mined":{"minecraft:oak_slab":1,"minecraft:tuff":6,"minecraft:acacia_leaves":2,"minecraft:white_bed":1,"minecraft:glass_pane":2,"minecraft:deepslate_diamond_ore":23,"minecraft:brewing_stand":1,"minecraft:granite":16,"minecraft:short_grass":4,"minecraft:acacia_log":6,"minecraft:melon":1,"minecraft:dead_bush":4,"minecraft:lectern":5,"minecraft:tall_grass":2,"minecraft:copper_ore":2,"minecraft:cobblestone":2,"minecraft:oak_planks":20,"minecraft:diorite":2,"minecraft:sandstone":6,"minecraft:wall_torch":1,"minecraft:redstone_ore":3,"minecraft:furnace":1,"minecraft:cobbled_deepslate":1,"minecraft:iron_ore":30,"minecraft:barrel":1,"minecraft:andesite":3,"minecraft:fletching_table":4,"minecraft:deepslate_lapis_ore":9,"minecraft:bookshelf":4,"minecraft:oak_log":88,"minecraft:coal_ore":12,"minecraft:deepslate_iron_ore":1,"minecraft:gravel":2,"minecraft:dirt":4,"minecraft:stone":127,"minecraft:oak_leaves":4,"minecraft:deepslate":263,"minecraft:orange_bed":2}},"DataVersion":3955}