{"stats":{"minecraft:crafted":{"minecraft:oak_planks":340,"minecraft:furnace":1,"minecraft:diamond_helmet":1,"minecraft:iron_boots":1,"minecraft:iron_axe":1,"minecraft:stone_pickaxe":2,"minecraft:diamond_boots":1,"minecraft:emerald":22,"minecraft:crafting_table":4,"minecraft:wooden_pickaxe":1,"minecraft:iron_helmet":1,"minecraft:stone_axe":1,"minecraft:enchanted_book":1,"minecraft:air":0,"minecraft:iron_chestplate":1,"minecraft:diamond_pickaxe":1,"minecraft:stick":720,"minecraft:iron_ingot":27,"minecraft:iron_block":3,"minecraft:iron_leggings":1,"minecraft:anvil":1,"minecraft:acacia_planks":24,"minecraft:torch":12,"minecraft:diamond_chestplate":1},"minecraft:used":{"minecraft:chest":1,"minecraft:orange_bed":1,"minecraft:torch":18,"minecraft:dirt":78,"minecraft:anvil":1,"minecraft:iron_axe":70,"minecraft:barrel":2,"minecraft:furnace":2,"minecraft:cobbled_deepslate":259,"minecraft:wheat_seeds":7,"minecraft:diorite":2,"minecraft:stone_pickaxe":246,"minecraft:oak_planks":1,"minecraft:wooden_pickaxe":36,"minecraft:sandstone":6,"minecraft:fletching_table":4,"minecraft:oak_slab":1,"minecraft:crafting_table":4,"minecraft:white_bed":1,"minecraft:diamond_pickaxe":163,"minecraft:apple":1,"minecraft:bread":28,"minecraft:iron_pickaxe":250,"minecraft:lectern":5,"minecraft:stone_axe":100,"minecraft:cobblestone":134,"minecraft:andesite":2,"minecraft:yellow_bed":1},"minecraft:custom":{"minecraft:mob_kills":22,"minecraft:interact_with_anvil":3,"minecraft:interact_with_crafting_table":20,"minecraft:open_barrel":6,"minecraft:leave_game":8,"minecraft:time_since_death":122424,"minecraft:sprint_one_cm":304243,"minecraft:walk_one_cm":351768,"minecraft:drop":38,"minecraft:talked_to_villager":19,"minecraft:play_time":122424,"minecraft:sneak_time":5393,"minecraft:walk_under_water_one_cm":389,"minecraft:jump":1850,"minecraft:walk_on_water_one_cm":2296,"minecraft:total_world_time":122424,"minecraft:interact_with_furnace":16,"minecraft:traded_with_villager":23,"minecraft:sleep_in_bed":4,"minecraft:time_since_rest":51488,"minecraft:damage_taken":924,"minecraft:damage_dealt":3976,"minecraft:swim_one_cm":4448,"minecraft:fly_one_cm":280989,"minecraft:open_chest":15,"minecraft:crouch_one_cm":19483,"minecraft:fall_one_cm":38255,"minecraft:horse_one_cm":166071},"minecraft:broken":{"minecraft:stone_pickaxe":2,"minecraft:stone_axe":1,"minecraft:iron_pickaxe":1},"minecraft:dropped":{"minecraft:iron_ingot":33,"minecraft:bread":10,"minecraft:wheat_seeds":36,"minecraft:diamond":3,"minecraft:feather":2,"minecraft:cobblestone":15,"minecraft:string":2,"minecraft:dandelion":4,"minecraft:wheat":1,"minecraft:chicken":1,"minecraft:rotten_flesh":11,"minecraft:oak_sapling":11,"minecraft:arrow":2,"minecraft:wooden_pickaxe":1},"minecraft:killed":{"minecraft:spider":3,"minecraft:skeleton":2,"minecraft:chicken":1,"minecraft:iron_golem":1,"minecraft:creeper":1,"minecraft:sheep":3,"minecraft:zombie":8,"minecraft:cow":3},"minecraft:picked_up":{"minecraft:wheat":1,"minecraft:chicken":1,"minecraft:brewing_stand":2,"minecraft:string":2,"minecraft:raw_copper":18,"minecraft:compass":1,"minecraft:gold_nugget":6,"minecraft:cobbled_deepslate":515,"minecraft:beef":10,"minecraft:iron_pickaxe":1,"minecraft:lectern":5,"minecraft:melon_slice":12,"minecraft:chest":1,"minecraft:furnace":1,"minecraft:stick":14,"minecraft:raw_iron":38,"minecraft:sandstone":6,"minecraft:torch":6,"minecraft:acacia_log":6,"minecraft:diorite":2,"minecraft:redstone":13,"minecraft:orange_bed":3,"minecraft:arrow":4,"minecraft:rotten_flesh":14,"minecraft:mutton":6,"minecraft:white_wool":4,"minecraft:cobblestone":157,"minecraft:feather":3,"minecraft:andesite":2,"minecraft:leather":4,"minecraft:brown_wool":2,"minecraft:tuff":12,"minecraft:oak_log":85,"minecraft:yellow_bed":1,"minecraft:lapis_lazuli":110,"minecraft:dirt":18,"minecraft:paper":10,"minecraft:bone":4,"minecraft:apple":1,"minecraft:wheat_seeds":44,"minecraft:fletching_table":4,"minecraft:oak_planks":24,"minecraft:book":24,"minecraft:oak_slab":1,"minecraft:dandelion":4,"minecraft:gravel":4,"minecraft:white_bed":1,"minecraft:barrel":2,"minecraft:diamond":23,"minecraft:granite":32,"minecraft:bread":44,"minecraft:oak_sapling":22,"minecraft:coal":15},"minecraft:mined":{"minecraft:tuff":6,"minecraft:white_bed":1,"minecraft:deepslate_diamond_ore":23,"minecraft:brewing_stand":1,"minecraft:granite":16,"minecraft:acacia_log":6,"minecraft:sandstone":6,"minecraft:redstone_ore":3,"minecraft:furnace":1,"minecraft:iron_ore":30,"minecraft:cobbled_deepslate":124,"minecraft:barrel":2,"minecraft:andesite":3,"minecraft:fletching_table":4,"minecraft:deepslate_lapis_ore":9,"minecraft:bookshelf":4,"minecraft:deepslate_iron_ore":1,"minecraft:stone":127,"minecraft:orange_bed":2,"minecraft:oak_slab":1,"minecraft:acacia_leaves":2,"minecraft:glass_pane":2,"minecraft:dandelion":3,"minecraft:short_grass":298,"minecraft:melon":1,"minecraft:chest":1,"minecraft:dead_bush":4,"minecraft:lectern":5,"minecraft:tall_grass":13,"minecraft:copper_ore":2,"minecraft:cobblestone":34,"minecraft:oak_planks":20,"minecraft:diorite":2,"minecraft:wall_torch":1,"minecraft:wheat":3,"minecraft:yellow_bed":1,"minecraft:oak_log":88,"minecraft:coal_ore":12,"minecraft:gravel":2,"minecraft:dirt":15,"minecraft:oak_leaves":4,"minecraft:deepslate":263}},"DataVersion":3955}