{"stats":{"minecraft:used":{"minecraft:chest":6,"minecraft:white_terracotta":1,"minecraft:soul_sand":1,"minecraft:obsidian":71,"minecraft:polished_blackstone_brick_wall":56,"minecraft:golden_sword":2,"minecraft:hay_block":10,"minecraft:furnace":4,"minecraft:egg":1,"minecraft:golden_boots":2,"minecraft:diorite":2,"minecraft:diamond_boots":3,"minecraft:stone_pickaxe":246,"minecraft:oak_planks":1,"minecraft:blackstone":114,"minecraft:ender_pearl":1,"minecraft:wooden_pickaxe":36,"minecraft:sandstone":6,"minecraft:diamond_axe":1399,"minecraft:jungle_boat":1,"minecraft:crossbow":1,"minecraft:acacia_door":2,"minecraft:bread":118,"minecraft:lectern":385,"minecraft:nether_wart_block":13,"minecraft:fire_charge":1,"minecraft:andesite":21,"minecraft:oak_boat":5,"minecraft:oak_fence":2,"minecraft:polished_blackstone_brick_slab":398,"minecraft:flint_and_steel":14,"minecraft:netherrack":597,"minecraft:orange_bed":1,"minecraft:torch":40,"minecraft:dirt":2088,"minecraft:anvil":1,"minecraft:golden_shovel":62,"minecraft:granite":11,"minecraft:iron_axe":238,"minecraft:crimson_slab":293,"minecraft:polished_blackstone_brick_stairs":120,"minecraft:crimson_planks":90,"minecraft:barrel":2,"minecraft:golden_carrot":9,"minecraft:warped_stairs":11,"minecraft:cooked_beef":2,"minecraft:cobbled_deepslate":264,"minecraft:wheat_seeds":7,"minecraft:cooked_mutton":6,"minecraft:water_bucket":3,"minecraft:fletching_table":5,"minecraft:stonecutter":2,"minecraft:leather_boots":1,"minecraft:polished_blackstone_bricks":723,"minecraft:oak_slab":1,"minecraft:crafting_table":13,"minecraft:crimson_trapdoor":4,"minecraft:white_bed":1,"minecraft:diamond_pickaxe":3326,"minecraft:apple":1,"minecraft:diamond_shovel":730,"minecraft:cracked_polished_blackstone_bricks":244,"minecraft:iron_pickaxe":250,"minecraft:stone_axe":100,"minecraft:cobblestone":278,"minecraft:crimson_stairs":429,"minecraft:cooked_porkchop":3,"minecraft:bucket":3,"minecraft:yellow_bed":5},"minecraft:custom":{"minecraft:interact_with_crafting_table":59,"minecraft:open_barrel":21,"minecraft:bell_ring":23,"minecraft:leave_game":22,"minecraft:time_since_death":708019,"minecraft:sprint_one_cm":1548898,"minecraft:drop":253,"minecraft:talked_to_villager":412,"minecraft:play_time":708019,"minecraft:jump":10349,"minecraft:walk_on_water_one_cm":32752,"minecraft:interact_with_furnace":31,"minecraft:traded_with_villager":64,"minecraft:sleep_in_bed":25,"minecraft:damage_dealt":20305,"minecraft:crouch_one_cm":336968,"minecraft:interact_with_smoker":9,"minecraft:horse_one_cm":219099,"minecraft:mob_kills":85,"minecraft:interact_with_anvil":5,"minecraft:climb_one_cm":3515,"minecraft:walk_one_cm":1829592,"minecraft:sneak_time":81512,"minecraft:walk_under_water_one_cm":66730,"minecraft:boat_one_cm":894696,"minecraft:total_world_time":708019,"minecraft:interact_with_stonecutter":14,"minecraft:time_since_rest":27,"minecraft:damage_taken":4373,"minecraft:minecart_one_cm":17204,"minecraft:swim_one_cm":70752,"minecraft:fly_one_cm":1799202,"minecraft:open_chest":131,"minecraft:fall_one_cm":248543},"minecraft:picked_up":{"minecraft:wheat":2,"minecraft:oak_stairs":2,"minecraft:enchanted_book":1,"minecraft:gilded_blackstone":1,"minecraft:crimson_planks":49,"minecraft:brewing_stand":3,"minecraft:warped_stairs":11,"minecraft:golden_sword":3,"minecraft:polished_blackstone_brick_stairs":27,"minecraft:string":5,"minecraft:raw_copper":18,"minecraft:gold_nugget":7,"minecraft:cobbled_deepslate":594,"minecraft:iron_pickaxe":1,"minecraft:melon_slice":12,"minecraft:furnace":1,"minecraft:polished_blackstone_brick_slab":10,"minecraft:stick":14,"minecraft:composter":1,"minecraft:oak_fence":2,"minecraft:torch":12,"minecraft:acacia_log":6,"minecraft:porkchop":25,"minecraft:pointed_dripstone":28,"minecraft:diorite":3,"minecraft:orange_bed":3,"minecraft:rotten_flesh":20,"minecraft:white_terracotta":4,"minecraft:obsidian":69,"minecraft:cobblestone":384,"minecraft:magma_block":9,"minecraft:feather":3,"minecraft:jungle_log":3,"minecraft:andesite":21,"minecraft:brown_wool":2,"minecraft:golden_leggings":1,"minecraft:tuff":12,"minecraft:lapis_lazuli":139,"minecraft:dirt":2271,"minecraft:bone":6,"minecraft:stonecutter":1,"minecraft:wheat_seeds":60,"minecraft:mossy_stone_bricks":1,"minecraft:fletching_table":5,"minecraft:glowstone_dust":89,"minecraft:oak_planks":34,"minecraft:stripped_crimson_stem":1,"minecraft:sand":16,"minecraft:grass_block":12,"minecraft:barrel":2,"minecraft:diamond":35,"minecraft:cracked_polished_blackstone_bricks":301,"minecraft:crossbow":1,"minecraft:granite":43,"minecraft:bread":44,"minecraft:oak_sapling":22,"minecraft:netherrack":657,"minecraft:crimson_roots":26,"minecraft:diamond_pickaxe":1,"minecraft:crafting_table":2,"minecraft:azure_bluet":3,"minecraft:chicken":1,"minecraft:gold_block":19,"minecraft:crimson_trapdoor":1,"minecraft:cornflower":2,"minecraft:acacia_door":3,"minecraft:compass":1,"minecraft:blackstone":691,"minecraft:beef":10,"minecraft:oak_boat":4,"minecraft:poppy":4,"minecraft:lectern":384,"minecraft:chest":3,"minecraft:egg":1,"minecraft:raw_iron":61,"minecraft:sandstone":7,"minecraft:polished_blackstone_bricks":636,"minecraft:redstone":44,"minecraft:stone_pressure_plate":1,"minecraft:tnt":18,"minecraft:weeping_vines":2,"minecraft:arrow":8,"minecraft:beetroot_seeds":2,"minecraft:hay_block":91,"minecraft:gold_ingot":13,"minecraft:mutton":6,"minecraft:crimson_slab":228,"minecraft:white_wool":4,"minecraft:oxeye_daisy":1,"minecraft:basalt":12,"minecraft:crimson_stem":400,"minecraft:leather":9,"minecraft:cut_sandstone":13,"minecraft:red_mushroom":1,"minecraft:filled_map":1,"minecraft:crimson_fungus":2,"minecraft:oak_log":126,"minecraft:nether_wart_block":35,"minecraft:golden_boots":1,"minecraft:yellow_bed":5,"minecraft:gunpowder":2,"minecraft:paper":10,"minecraft:orange_terracotta":2,"minecraft:apple":1,"minecraft:stone_bricks":1,"minecraft:warped_stem":7,"minecraft:soul_sand":1,"minecraft:book":36,"minecraft:oak_slab":1,"minecraft:quartz":49,"minecraft:dandelion":42,"minecraft:dripstone_block":4,"minecraft:gravel":5,"minecraft:crimson_stairs":125,"minecraft:white_bed":2,"minecraft:crying_obsidian":1,"minecraft:diamond_shovel":1,"minecraft:diamond_axe":1,"minecraft:warped_roots":1,"minecraft:coal":15,"minecraft:ender_pearl":3},"minecraft:broken":{"minecraft:golden_shovel":1,"minecraft:stone_pickaxe":2,"minecraft:stone_axe":1,"minecraft:iron_axe":1,"minecraft:iron_pickaxe":1},"minecraft:dropped":{"minecraft:moss_block":4,"minecraft:porkchop":14,"minecraft:diamond_axe":1,"minecraft:cooked_beef":3,"minecraft:diamond":7,"minecraft:crossbow":1,"minecraft:weeping_vines":2,"minecraft:leather":5,"minecraft:dirt":127,"minecraft:cracked_polished_blackstone_bricks":57,"minecraft:polished_blackstone_brick_stairs":17,"minecraft:cornflower":2,"minecraft:crimson_roots":26,"minecraft:cut_sandstone":13,"minecraft:gold_nugget":7,"minecraft:sand":16,"minecraft:polished_blackstone_bricks":64,"minecraft:gold_ingot":26,"minecraft:crimson_fungus":2,"minecraft:blackstone":2,"minecraft:golden_chestplate":1,"minecraft:wheat":1,"minecraft:pointed_dripstone":14,"minecraft:rotten_flesh":16,"minecraft:diamond_shovel":1,"minecraft:azure_bluet":4,"minecraft:poppy":7,"minecraft:basalt":7,"minecraft:arrow":2,"minecraft:crying_obsidian":1,"minecraft:quartz":38,"minecraft:netherrack":43,"minecraft:iron_ingot":33,"minecraft:bread":36,"minecraft:wheat_seeds":58,"minecraft:feather":2,"minecraft:cobblestone":79,"minecraft:crimson_stairs":346,"minecraft:nether_wart_block":3,"minecraft:string":5,"minecraft:dandelion":41,"minecraft:chicken":1,"minecraft:filled_map":2,"minecraft:crimson_slab":46,"minecraft:diamond_pickaxe":1,"minecraft:oak_sapling":11,"minecraft:golden_sword":3,"minecraft:wooden_pickaxe":1,"minecraft:magma_block":5},"minecraft:crafted":{"minecraft:oak_planks":504,"minecraft:stone":5,"minecraft:diamond_shovel":1,"minecraft:bookshelf":1,"minecraft:cooked_mutton":6,"minecraft:warped_planks":28,"minecraft:diamond_helmet":1,"minecraft:iron_boots":1,"minecraft:chest":3,"minecraft:warped_stairs":8,"minecraft:emerald":60,"minecraft:diamond_axe":1,"minecraft:crafting_table":11,"minecraft:jungle_boat":1,"minecraft:wooden_pickaxe":1,"minecraft:iron_helmet":1,"minecraft:lectern":1,"minecraft:iron_chestplate":1,"minecraft:diamond_pickaxe":2,"minecraft:stick":1952,"minecraft:iron_ingot":50,"minecraft:iron_block":3,"minecraft:gold_ingot":18,"minecraft:polished_blackstone_brick_stairs":4,"minecraft:wooden_sword":1,"minecraft:crimson_trapdoor":4,"minecraft:furnace":3,"minecraft:iron_axe":1,"minecraft:stone_pickaxe":2,"minecraft:diamond_boots":1,"minecraft:wheat":432,"minecraft:cooked_beef":5,"minecraft:crimson_planks":1600,"minecraft:polished_blackstone_brick_slab":12,"minecraft:crimson_slab":120,"minecraft:bucket":2,"minecraft:stone_axe":1,"minecraft:enchanted_book":4,"minecraft:bread":153,"minecraft:air":0,"minecraft:jungle_planks":12,"minecraft:crimson_stairs":668,"minecraft:polished_blackstone_brick_wall":69,"minecraft:oak_boat":1,"minecraft:iron_leggings":1,"minecraft:stonecutter":1,"minecraft:anvil":1,"minecraft:acacia_planks":24,"minecraft:torch":40,"minecraft:diamond_chestplate":1},"minecraft:killed":{"minecraft:spider":5,"minecraft:skeleton":6,"minecraft:chicken":1,"minecraft:piglin_brute":9,"minecraft:magma_cube":1,"minecraft:piglin":23,"minecraft:iron_golem":1,"minecraft:creeper":3,"minecraft:sheep":3,"minecraft:zombie":16,"minecraft:cow":3,"minecraft:hoglin":10},"minecraft:mined":{"minecraft:stone_pressure_plate":2,"minecraft:white_bed":2,"minecraft:brewing_stand":2,"minecraft:warped_stairs":11,"minecraft:obsidian":68,"minecraft:granite":27,"minecraft:acacia_log":6,"minecraft:crimson_trapdoor":1,"minecraft:grass_block":524,"minecraft:jungle_log":3,"minecraft:cracked_polished_blackstone_bricks":327,"minecraft:polished_blackstone_brick_slab":10,"minecraft:composter":1,"minecraft:crimson_fungus":1,"minecraft:oxeye_daisy":1,"minecraft:gilded_blackstone":1,"minecraft:polished_blackstone_bricks":606,"minecraft:weeping_vines_plant":4,"minecraft:magma_block":31,"minecraft:glowstone":29,"minecraft:cobbled_deepslate":190,"minecraft:barrel":2,"minecraft:iron_ore":45,"minecraft:fire":6,"minecraft:fletching_table":5,"minecraft:deepslate_lapis_ore":13,"minecraft:azure_bluet":2,"minecraft:pointed_dripstone":4,"minecraft:oak_stairs":2,"minecraft:green_bed":1,"minecraft:orange_bed":2,"minecraft:cut_sandstone":12,"minecraft:blackstone":711,"minecraft:crimson_nylium":43,"minecraft:orange_terracotta":2,"minecraft:torch":2,"minecraft:poppy":3,"minecraft:melon":1,"minecraft:chest":3,"minecraft:dead_bush":5,"minecraft:nether_quartz_ore":53,"minecraft:cobblestone":92,"minecraft:oak_planks":30,"minecraft:crimson_stairs":119,"minecraft:wall_torch":4,"minecraft:white_terracotta":4,"minecraft:nether_wart_block":35,"minecraft:wheat":3,"minecraft:tnt":17,"minecraft:stone_brick_stairs":1,"minecraft:oak_log":133,"minecraft:beetroots":2,"minecraft:sand":18,"minecraft:dirt":464,"minecraft:crimson_planks":49,"minecraft:stonecutter":1,"minecraft:netherrack":734,"minecraft:stripped_crimson_stem":1,"minecraft:oak_leaves":6,"minecraft:deepslate":270,"minecraft:nether_gold_ore":2,"minecraft:tuff":6,"minecraft:deepslate_diamond_ore":35,"minecraft:crimson_roots":17,"minecraft:weeping_vines":5,"minecraft:sandstone":28,"minecraft:crimson_stem":408,"minecraft:hay_block":92,"minecraft:redstone_ore":10,"minecraft:furnace":1,"minecraft:chiseled_sandstone":1,"minecraft:andesite":23,"minecraft:gold_block":22,"minecraft:bookshelf":8,"minecraft:deepslate_iron_ore":9,"minecraft:vine":2,"minecraft:warped_stem":8,"minecraft:stone":291,"minecraft:oak_slab":1,"minecraft:acacia_leaves":2,"minecraft:glass_pane":5,"minecraft:soul_sand":1,"minecraft:basalt":13,"minecraft:dandelion":27,"minecraft:oak_fence":2,"minecraft:crafting_table":2,"minecraft:cornflower":2,"minecraft:short_grass":372,"minecraft:warped_roots":1,"minecraft:crimson_slab":206,"minecraft:lectern":384,"minecraft:tall_grass":23,"minecraft:copper_ore":2,"minecraft:polished_blackstone_brick_stairs":21,"minecraft:diorite":3,"minecraft:yellow_bed":5,"minecraft:coal_ore":12,"minecraft:dripstone_block":4,"minecraft:gravel":12,"minecraft:acacia_door":2,"minecraft:cracked_stone_bricks":1,"minecraft:stone_bricks":1,"minecraft:mossy_stone_bricks":1,"minecraft:fern":7}},"DataVersion":3955}