{"stats":{"minecraft:used":{"minecraft:stone_pickaxe":113,"minecraft:wooden_pickaxe":36,"minecraft:sandstone":5,"minecraft:orange_bed":1,"minecraft:torch":7,"minecraft:crafting_table":3,"minecraft:bread":9,"minecraft:stone_axe":35,"minecraft:cobblestone":23,"minecraft:furnace":1,"minecraft:andesite":2},"minecraft:dropped":{"minecraft:bread":4,"minecraft:cobblestone":15,"minecraft:wooden_pickaxe":1},"minecraft:custom":{"minecraft:interact_with_furnace":11,"minecraft:mob_kills":16,"minecraft:interact_with_crafting_table":12,"minecraft:open_barrel":1,"minecraft:leave_game":1,"minecraft:time_since_death":25777,"minecraft:sleep_in_bed":2,"minecraft:time_since_rest":2400,"minecraft:sprint_one_cm":84097,"minecraft:damage_taken":327,"minecraft:walk_one_cm":71699,"minecraft:drop":20,"minecraft:damage_dealt":2888,"minecraft:swim_one_cm":2846,"minecraft:fly_one_cm":92617,"minecraft:open_chest":3,"minecraft:crouch_one_cm":646,"minecraft:play_time":25777,"minecraft:sneak_time":231,"minecraft:walk_under_water_one_cm":301,"minecraft:jump":539,"minecraft:walk_on_water_one_cm":1968,"minecraft:total_world_time":25777,"minecraft:fall_one_cm":9140},"minecraft:killed":{"minecraft:spider":1,"minecraft:iron_golem":1,"minecraft:skeleton":1,"minecraft:sheep":3,"minecraft:zombie":6,"minecraft:chicken":1,"minecraft:cow":3},"minecraft:picked_up":{"minecraft:feather":1,"minecraft:chicken":1,"minecraft:andesite":2,"minecraft:leather":2,"minecraft:brown_wool":1,"minecraft:brewing_stand":1,"minecraft:beef":5,"minecraft:melon_slice":6,"minecraft:furnace":1,"minecraft:stick":10,"minecraft:raw_iron":30,"minecraft:sandstone":6,"minecraft:torch":1,"minecraft:acacia_log":6,"minecraft:barrel":1,"minecraft:orange_bed":2,"minecraft:rotten_flesh":3,"minecraft:bread":44,"minecraft:oak_sapling":3,"minecraft:mutton":6,"minecraft:coal":15,"minecraft:white_wool":2,"minecraft:cobblestone":81},"minecraft:crafted":{"minecraft:crafting_table":3,"minecraft:wooden_pickaxe":1,"minecraft:iron_helmet":1,"minecraft:furnace":1,"minecraft:stone_axe":1,"minecraft:air":0,"minecraft:iron_boots":1,"minecraft:iron_chestplate":1,"minecraft:stick":16,"minecraft:iron_ingot":24,"minecraft:stone_pickaxe":1,"minecraft:iron_leggings":1,"minecraft:acacia_planks":24,"minecraft:torch":12},"minecraft:mined":{"minecraft:acacia_leaves":2,"minecraft:brewing_stand":1,"minecraft:short_grass":3,"minecraft:acacia_log":6,"minecraft:melon":1,"minecraft:dead_bush":4,"minecraft:cobblestone":1,"minecraft:sandstone":6,"minecraft:furnace":1,"minecraft:iron_ore":27,"minecraft:barrel":1,"minecraft:andesite":3,"minecraft:coal_ore":12,"minecraft:stone":80,"minecraft:oak_leaves":1,"minecraft:orange_bed":2}},"DataVersion":3955}