{"stats":{"minecraft:used":{"minecraft:stone_pickaxe":116,"minecraft:oak_planks":1,"minecraft:wooden_pickaxe":36,"minecraft:sandstone":6,"minecraft:fletching_table":4,"minecraft:orange_bed":1,"minecraft:torch":18,"minecraft:oak_slab":1,"minecraft:crafting_table":4,"minecraft:white_bed":1,"minecraft:apple":1,"minecraft:iron_axe":65,"minecraft:bread":16,"minecraft:iron_pickaxe":6,"minecraft:lectern":5,"minecraft:barrel":1,"minecraft:stone_axe":100,"minecraft:cobblestone":50,"minecraft:furnace":2,"minecraft:andesite":2,"minecraft:cobbled_deepslate":6},"minecraft:broken":{"minecraft:stone_pickaxe":1,"minecraft:stone_axe":1},"minecraft:dropped":{"minecraft:bread":4,"minecraft:cobblestone":15,"minecraft:wooden_pickaxe":1},"minecraft:custom":{"minecraft:interact_with_furnace":16,"minecraft:mob_kills":21,"minecraft:traded_with_villager":23,"minecraft:interact_with_crafting_table":17,"minecraft:open_barrel":2,"minecraft:leave_game":2,"minecraft:time_since_death":48462,"minecraft:sleep_in_bed":3,"minecraft:time_since_rest":7916,"minecraft:sprint_one_cm":162271,"minecraft:damage_taken":793,"minecraft:walk_one_cm":138141,"minecraft:drop":20,"minecraft:damage_dealt":3727,"minecraft:talked_to_villager":18,"minecraft:swim_one_cm":2846,"minecraft:fly_one_cm":155389,"minecraft:open_chest":3,"minecraft:crouch_one_cm":1137,"minecraft:play_time":48462,"minecraft:sneak_time":576,"minecraft:walk_under_water_one_cm":301,"minecraft:jump":868,"minecraft:walk_on_water_one_cm":1968,"minecraft:total_world_time":48462,"minecraft:fall_one_cm":20939},"minecraft:killed":{"minecraft:spider":2,"minecraft:iron_golem":1,"minecraft:creeper":1,"minecraft:skeleton":2,"minecraft:sheep":3,"minecraft:zombie":8,"minecraft:chicken":1,"minecraft:cow":3},"minecraft:picked_up":{"minecraft:feather":1,"minecraft:chicken":1,"minecraft:andesite":2,"minecraft:leather":2,"minecraft:brown_wool":1,"minecraft:oak_log":85,"minecraft:brewing_stand":1,"minecraft:paper":5,"minecraft:bone":2,"minecraft:apple":1,"minecraft:gold_nugget":3,"minecraft:wheat_seeds":1,"minecraft:cobbled_deepslate":8,"minecraft:beef":5,"minecraft:iron_pickaxe":1,"minecraft:fletching_table":4,"minecraft:lectern":5,"minecraft:melon_slice":6,"minecraft:oak_planks":20,"minecraft:furnace":1,"minecraft:book":12,"minecraft:oak_slab":1,"minecraft:stick":14,"minecraft:raw_iron":30,"minecraft:sandstone":6,"minecraft:torch":6,"minecraft:acacia_log":6,"minecraft:white_bed":1,"minecraft:barrel":1,"minecraft:orange_bed":2,"minecraft:arrow":2,"minecraft:rotten_flesh":9,"minecraft:diamond":2,"minecraft:bread":44,"minecraft:oak_sapling":11,"minecraft:mutton":6,"minecraft:coal":15,"minecraft:white_wool":2,"minecraft:cobblestone":82},"minecraft:crafted":{"minecraft:oak_planks":340,"minecraft:emerald":22,"minecraft:crafting_table":4,"minecraft:wooden_pickaxe":1,"minecraft:iron_helmet":1,"minecraft:furnace":1,"minecraft:stone_axe":1,"minecraft:enchanted_book":1,"minecraft:air":0,"minecraft:iron_boots":1,"minecraft:iron_chestplate":1,"minecraft:iron_axe":1,"minecraft:stick":720,"minecraft:iron_ingot":27,"minecraft:stone_pickaxe":2,"minecraft:iron_leggings":1,"minecraft:acacia_planks":24,"minecraft:torch":12},"minecraft:mined":{"minecraft:oak_slab":1,"minecraft:acacia_leaves":2,"minecraft:white_bed":1,"minecraft:glass_pane":2,"minecraft:deepslate_diamond_ore":2,"minecraft:brewing_stand":1,"minecraft:short_grass":3,"minecraft:acacia_log":6,"minecraft:melon":1,"minecraft:dead_bush":4,"minecraft:lectern":5,"minecraft:cobblestone":2,"minecraft:oak_planks":20,"minecraft:sandstone":6,"minecraft:wall_torch":1,"minecraft:furnace":1,"minecraft:iron_ore":27,"minecraft:barrel":1,"minecraft:andesite":3,"minecraft:fletching_table":4,"minecraft:bookshelf":4,"minecraft:oak_log":88,"minecraft:coal_ore":12,"minecraft:stone":80,"minecraft:deepslate":5,"minecraft:oak_leaves":4,"minecraft:orange_bed":2}},"DataVersion":3955}