{"stats":{"minecraft:used":{"minecraft:chest":2,"minecraft:orange_bed":1,"minecraft:torch":18,"minecraft:dirt":78,"minecraft:anvil":1,"minecraft:golden_shovel":6,"minecraft:iron_axe":102,"minecraft:barrel":2,"minecraft:furnace":2,"minecraft:egg":1,"minecraft:cooked_beef":2,"minecraft:cobbled_deepslate":263,"minecraft:wheat_seeds":7,"minecraft:cooked_mutton":6,"minecraft:diorite":2,"minecraft:diamond_boots":1,"minecraft:stone_pickaxe":246,"minecraft:oak_planks":1,"minecraft:wooden_pickaxe":36,"minecraft:sandstone":6,"minecraft:leather_boots":1,"minecraft:fletching_table":4,"minecraft:oak_slab":1,"minecraft:crafting_table":4,"minecraft:white_bed":1,"minecraft:diamond_pickaxe":346,"minecraft:apple":1,"minecraft:acacia_door":2,"minecraft:bread":41,"minecraft:iron_pickaxe":250,"minecraft:lectern":5,"minecraft:stone_axe":100,"minecraft:cobblestone":144,"minecraft:andesite":21,"minecraft:yellow_bed":1,"minecraft:oak_boat":1},"minecraft:custom":{"minecraft:mob_kills":29,"minecraft:interact_with_anvil":3,"minecraft:interact_with_crafting_table":22,"minecraft:open_barrel":7,"minecraft:leave_game":10,"minecraft:time_since_death":200113,"minecraft:sprint_one_cm":566206,"minecraft:walk_one_cm":445293,"minecraft:drop":68,"minecraft:talked_to_villager":19,"minecraft:play_time":200113,"minecraft:sneak_time":6338,"minecraft:walk_under_water_one_cm":46023,"minecraft:boat_one_cm":688105,"minecraft:jump":3597,"minecraft:walk_on_water_one_cm":19439,"minecraft:total_world_time":200113,"minecraft:interact_with_furnace":16,"minecraft:traded_with_villager":23,"minecraft:sleep_in_bed":4,"minecraft:time_since_rest":129177,"minecraft:damage_taken":1523,"minecraft:damage_dealt":5536,"minecraft:swim_one_cm":37521,"minecraft:fly_one_cm":666361,"minecraft:open_chest":36,"minecraft:crouch_one_cm":20617,"minecraft:interact_with_smoker":9,"minecraft:fall_one_cm":97414,"minecraft:horse_one_cm":170609},"minecraft:picked_up":{"minecraft:wheat":2,"minecraft:chicken":1,"minecraft:gold_block":2,"minecraft:brewing_stand":2,"minecraft:string":2,"minecraft:acacia_door":3,"minecraft:raw_copper":18,"minecraft:compass":1,"minecraft:gold_nugget":6,"minecraft:cobbled_deepslate":530,"minecraft:beef":10,"minecraft:oak_boat":2,"minecraft:iron_pickaxe":1,"minecraft:lectern":5,"minecraft:melon_slice":12,"minecraft:chest":2,"minecraft:egg":1,"minecraft:furnace":1,"minecraft:stick":14,"minecraft:raw_iron":61,"minecraft:sandstone":7,"minecraft:composter":1,"minecraft:torch":6,"minecraft:acacia_log":6,"minecraft:pointed_dripstone":28,"minecraft:diorite":2,"minecraft:redstone":44,"minecraft:stone_pressure_plate":1,"minecraft:tnt":9,"minecraft:orange_bed":3,"minecraft:arrow":8,"minecraft:rotten_flesh":15,"minecraft:beetroot_seeds":2,"minecraft:hay_block":82,"minecraft:obsidian":18,"minecraft:mutton":6,"minecraft:white_wool":4,"minecraft:cobblestone":196,"minecraft:feather":3,"minecraft:andesite":21,"minecraft:cut_sandstone":10,"minecraft:leather":4,"minecraft:brown_wool":2,"minecraft:filled_map":1,"minecraft:tuff":12,"minecraft:oak_log":85,"minecraft:yellow_bed":1,"minecraft:lapis_lazuli":139,"minecraft:dirt":18,"minecraft:paper":10,"minecraft:orange_terracotta":1,"minecraft:bone":5,"minecraft:apple":1,"minecraft:stone_bricks":1,"minecraft:wheat_seeds":44,"minecraft:mossy_stone_bricks":1,"minecraft:fletching_table":4,"minecraft:oak_planks":24,"minecraft:book":24,"minecraft:oak_slab":1,"minecraft:dandelion":4,"minecraft:dripstone_block":4,"minecraft:gravel":5,"minecraft:sand":12,"minecraft:white_bed":1,"minecraft:barrel":2,"minecraft:diamond":35,"minecraft:granite":32,"minecraft:bread":44,"minecraft:oak_sapling":22,"minecraft:coal":15},"minecraft:broken":{"minecraft:stone_pickaxe":2,"minecraft:stone_axe":1,"minecraft:iron_pickaxe":1},"minecraft:crafted":{"minecraft:oak_planks":340,"minecraft:furnace":1,"minecraft:cooked_mutton":6,"minecraft:diamond_helmet":1,"minecraft:iron_boots":1,"minecraft:iron_axe":1,"minecraft:stone_pickaxe":2,"minecraft:diamond_boots":1,"minecraft:wheat":369,"minecraft:cooked_beef":5,"minecraft:emerald":22,"minecraft:crafting_table":4,"minecraft:wooden_pickaxe":1,"minecraft:iron_helmet":1,"minecraft:stone_axe":1,"minecraft:enchanted_book":1,"minecraft:bread":132,"minecraft:air":0,"minecraft:iron_chestplate":1,"minecraft:diamond_pickaxe":1,"minecraft:stick":720,"minecraft:iron_ingot":27,"minecraft:iron_block":3,"minecraft:iron_leggings":1,"minecraft:anvil":1,"minecraft:acacia_planks":24,"minecraft:torch":12,"minecraft:diamond_chestplate":1},"minecraft:dropped":{"minecraft:iron_ingot":33,"minecraft:bread":36,"minecraft:wheat_seeds":36,"minecraft:cooked_beef":3,"minecraft:diamond":3,"minecraft:feather":2,"minecraft:cobblestone":15,"minecraft:string":2,"minecraft:dandelion":4,"minecraft:wheat":1,"minecraft:pointed_dripstone":14,"minecraft:chicken":1,"minecraft:rotten_flesh":11,"minecraft:filled_map":2,"minecraft:oak_sapling":11,"minecraft:arrow":2,"minecraft:wooden_pickaxe":1},"minecraft:killed":{"minecraft:spider":4,"minecraft:skeleton":5,"minecraft:chicken":1,"minecraft:iron_golem":1,"minecraft:creeper":1,"minecraft:sheep":3,"minecraft:zombie":11,"minecraft:cow":3},"minecraft:mined":{"minecraft:tuff":6,"minecraft:stone_pressure_plate":1,"minecraft:white_bed":1,"minecraft:deepslate_diamond_ore":35,"minecraft:brewing_stand":1,"minecraft:obsidian":17,"minecraft:granite":16,"minecraft:acacia_log":6,"minecraft:composter":1,"minecraft:sandstone":19,"minecraft:hay_block":82,"minecraft:magma_block":1,"minecraft:redstone_ore":10,"minecraft:furnace":1,"minecraft:iron_ore":45,"minecraft:cobbled_deepslate":124,"minecraft:barrel":2,"minecraft:chiseled_sandstone":1,"minecraft:andesite":23,"minecraft:deepslate_lapis_ore":13,"minecraft:fletching_table":4,"minecraft:gold_block":2,"minecraft:bookshelf":4,"minecraft:pointed_dripstone":4,"minecraft:deepslate_iron_ore":9,"minecraft:stone":166,"minecraft:green_bed":1,"minecraft:orange_bed":2,"minecraft:oak_slab":1,"minecraft:cut_sandstone":7,"minecraft:acacia_leaves":2,"minecraft:glass_pane":2,"minecraft:orange_terracotta":1,"minecraft:dandelion":3,"minecraft:short_grass":298,"minecraft:melon":1,"minecraft:chest":2,"minecraft:dead_bush":4,"minecraft:lectern":5,"minecraft:tall_grass":14,"minecraft:copper_ore":2,"minecraft:cobblestone":34,"minecraft:oak_planks":20,"minecraft:diorite":2,"minecraft:wall_torch":1,"minecraft:wheat":3,"minecraft:tnt":8,"minecraft:stone_brick_stairs":1,"minecraft:yellow_bed":1,"minecraft:oak_log":88,"minecraft:coal_ore":12,"minecraft:beetroots":2,"minecraft:sand":12,"minecraft:acacia_door":2,"minecraft:gravel":3,"minecraft:dripstone_block":4,"minecraft:dirt":15,"minecraft:cracked_stone_bricks":1,"minecraft:stone_bricks":1,"minecraft:netherrack":2,"minecraft:mossy_stone_bricks":1,"minecraft:oak_leaves":4,"minecraft:deepslate":270}},"DataVersion":3955}