{"stats":{"minecraft:used":{"minecraft:flint_and_steel":3,"minecraft:chest":2,"minecraft:netherrack":21,"minecraft:orange_bed":1,"minecraft:torch":18,"minecraft:soul_sand":1,"minecraft:dirt":79,"minecraft:anvil":1,"minecraft:golden_shovel":53,"minecraft:obsidian":22,"minecraft:iron_axe":157,"minecraft:crimson_planks":6,"minecraft:barrel":2,"minecraft:furnace":4,"minecraft:egg":1,"minecraft:cooked_beef":2,"minecraft:cobbled_deepslate":263,"minecraft:wheat_seeds":7,"minecraft:cooked_mutton":6,"minecraft:diorite":2,"minecraft:diamond_boots":1,"minecraft:stone_pickaxe":246,"minecraft:oak_planks":1,"minecraft:wooden_pickaxe":36,"minecraft:sandstone":6,"minecraft:stonecutter":1,"minecraft:fletching_table":4,"minecraft:leather_boots":1,"minecraft:jungle_boat":1,"minecraft:polished_blackstone_bricks":87,"minecraft:crafting_table":10,"minecraft:oak_slab":1,"minecraft:white_bed":1,"minecraft:diamond_pickaxe":945,"minecraft:apple":1,"minecraft:acacia_door":2,"minecraft:bread":70,"minecraft:iron_pickaxe":250,"minecraft:lectern":5,"minecraft:stone_axe":100,"minecraft:fire_charge":1,"minecraft:cobblestone":209,"minecraft:andesite":21,"minecraft:yellow_bed":1,"minecraft:oak_boat":5},"minecraft:custom":{"minecraft:mob_kills":33,"minecraft:interact_with_anvil":3,"minecraft:interact_with_crafting_table":31,"minecraft:open_barrel":14,"minecraft:leave_game":12,"minecraft:time_since_death":279821,"minecraft:climb_one_cm":2847,"minecraft:sprint_one_cm":875084,"minecraft:walk_one_cm":594850,"minecraft:drop":88,"minecraft:talked_to_villager":19,"minecraft:play_time":279821,"minecraft:sneak_time":14403,"minecraft:walk_under_water_one_cm":52795,"minecraft:boat_one_cm":894696,"minecraft:jump":5618,"minecraft:walk_on_water_one_cm":30650,"minecraft:total_world_time":279821,"minecraft:interact_with_furnace":30,"minecraft:traded_with_villager":23,"minecraft:interact_with_stonecutter":2,"minecraft:sleep_in_bed":7,"minecraft:time_since_rest":9808,"minecraft:damage_taken":2320,"minecraft:damage_dealt":5966,"minecraft:swim_one_cm":62659,"minecraft:fly_one_cm":1090615,"minecraft:open_chest":56,"minecraft:crouch_one_cm":56964,"minecraft:interact_with_smoker":9,"minecraft:fall_one_cm":151226,"minecraft:horse_one_cm":174527},"minecraft:picked_up":{"minecraft:wheat":2,"minecraft:chicken":1,"minecraft:gold_block":2,"minecraft:crimson_planks":5,"minecraft:brewing_stand":2,"minecraft:string":2,"minecraft:raw_copper":18,"minecraft:acacia_door":3,"minecraft:compass":1,"minecraft:blackstone":403,"minecraft:gold_nugget":6,"minecraft:cobbled_deepslate":567,"minecraft:beef":10,"minecraft:oak_boat":4,"minecraft:iron_pickaxe":1,"minecraft:lectern":5,"minecraft:melon_slice":12,"minecraft:chest":2,"minecraft:furnace":1,"minecraft:egg":1,"minecraft:stick":14,"minecraft:raw_iron":61,"minecraft:sandstone":7,"minecraft:composter":1,"minecraft:torch":6,"minecraft:acacia_log":6,"minecraft:pointed_dripstone":28,"minecraft:diorite":2,"minecraft:redstone":44,"minecraft:stone_pressure_plate":1,"minecraft:tnt":18,"minecraft:orange_bed":3,"minecraft:arrow":8,"minecraft:weeping_vines":2,"minecraft:rotten_flesh":15,"minecraft:beetroot_seeds":2,"minecraft:hay_block":82,"minecraft:mutton":6,"minecraft:obsidian":18,"minecraft:white_wool":4,"minecraft:cobblestone":230,"minecraft:feather":3,"minecraft:basalt":5,"minecraft:crimson_stem":20,"minecraft:jungle_log":3,"minecraft:andesite":21,"minecraft:cut_sandstone":13,"minecraft:brown_wool":2,"minecraft:leather":4,"minecraft:red_mushroom":1,"minecraft:filled_map":1,"minecraft:tuff":12,"minecraft:oak_log":87,"minecraft:nether_wart_block":2,"minecraft:yellow_bed":1,"minecraft:lapis_lazuli":139,"minecraft:dirt":20,"minecraft:paper":10,"minecraft:orange_terracotta":2,"minecraft:bone":5,"minecraft:apple":1,"minecraft:stone_bricks":1,"minecraft:wheat_seeds":50,"minecraft:warped_stem":7,"minecraft:mossy_stone_bricks":1,"minecraft:fletching_table":4,"minecraft:glowstone_dust":89,"minecraft:oak_planks":24,"minecraft:soul_sand":1,"minecraft:book":24,"minecraft:oak_slab":1,"minecraft:dandelion":4,"minecraft:dripstone_block":4,"minecraft:gravel":5,"minecraft:sand":16,"minecraft:white_bed":1,"minecraft:grass_block":3,"minecraft:barrel":2,"minecraft:diamond":35,"minecraft:granite":32,"minecraft:warped_roots":1,"minecraft:bread":44,"minecraft:oak_sapling":22,"minecraft:netherrack":38,"minecraft:coal":15},"minecraft:broken":{"minecraft:stone_pickaxe":2,"minecraft:stone_axe":1,"minecraft:iron_pickaxe":1},"minecraft:crafted":{"minecraft:wooden_sword":1,"minecraft:oak_planks":348,"minecraft:furnace":3,"minecraft:stone":5,"minecraft:cooked_mutton":6,"minecraft:warped_planks":28,"minecraft:diamond_helmet":1,"minecraft:iron_boots":1,"minecraft:iron_axe":1,"minecraft:stone_pickaxe":2,"minecraft:diamond_boots":1,"minecraft:wheat":369,"minecraft:cooked_beef":5,"minecraft:crimson_planks":80,"minecraft:emerald":22,"minecraft:crafting_table":10,"minecraft:jungle_boat":1,"minecraft:wooden_pickaxe":1,"minecraft:iron_helmet":1,"minecraft:stone_axe":1,"minecraft:enchanted_book":1,"minecraft:bread":132,"minecraft:air":0,"minecraft:jungle_planks":12,"minecraft:oak_boat":1,"minecraft:iron_chestplate":1,"minecraft:diamond_pickaxe":1,"minecraft:stick":724,"minecraft:iron_ingot":29,"minecraft:iron_block":3,"minecraft:iron_leggings":1,"minecraft:stonecutter":1,"minecraft:anvil":1,"minecraft:acacia_planks":24,"minecraft:torch":12,"minecraft:diamond_chestplate":1},"minecraft:dropped":{"minecraft:iron_ingot":33,"minecraft:bread":36,"minecraft:wheat_seeds":36,"minecraft:cooked_beef":3,"minecraft:diamond":3,"minecraft:feather":2,"minecraft:weeping_vines":2,"minecraft:cobblestone":15,"minecraft:cut_sandstone":13,"minecraft:sand":16,"minecraft:string":2,"minecraft:dandelion":4,"minecraft:wheat":1,"minecraft:pointed_dripstone":14,"minecraft:chicken":1,"minecraft:rotten_flesh":11,"minecraft:filled_map":2,"minecraft:oak_sapling":11,"minecraft:arrow":2,"minecraft:wooden_pickaxe":1},"minecraft:killed":{"minecraft:spider":4,"minecraft:skeleton":5,"minecraft:chicken":1,"minecraft:piglin":2,"minecraft:magma_cube":1,"minecraft:iron_golem":1,"minecraft:creeper":1,"minecraft:sheep":3,"minecraft:zombie":12,"minecraft:cow":3},"minecraft:mined":{"minecraft:tuff":6,"minecraft:stone_pressure_plate":2,"minecraft:white_bed":1,"minecraft:deepslate_diamond_ore":35,"minecraft:brewing_stand":1,"minecraft:obsidian":17,"minecraft:granite":16,"minecraft:acacia_log":6,"minecraft:grass_block":13,"minecraft:jungle_log":3,"minecraft:weeping_vines":3,"minecraft:composter":1,"minecraft:sandstone":28,"minecraft:crimson_stem":20,"minecraft:hay_block":82,"minecraft:weeping_vines_plant":1,"minecraft:magma_block":1,"minecraft:redstone_ore":10,"minecraft:glowstone":29,"minecraft:furnace":1,"minecraft:fire":1,"minecraft:iron_ore":45,"minecraft:barrel":2,"minecraft:cobbled_deepslate":173,"minecraft:chiseled_sandstone":1,"minecraft:andesite":23,"minecraft:deepslate_lapis_ore":13,"minecraft:fletching_table":4,"minecraft:gold_block":2,"minecraft:bookshelf":4,"minecraft:pointed_dripstone":4,"minecraft:vine":2,"minecraft:deepslate_iron_ore":9,"minecraft:warped_stem":8,"minecraft:stone":166,"minecraft:green_bed":1,"minecraft:orange_bed":2,"minecraft:oak_slab":1,"minecraft:cut_sandstone":12,"minecraft:acacia_leaves":2,"minecraft:glass_pane":2,"minecraft:blackstone":416,"minecraft:soul_sand":1,"minecraft:orange_terracotta":2,"minecraft:basalt":5,"minecraft:dandelion":3,"minecraft:short_grass":324,"minecraft:melon":1,"minecraft:warped_roots":1,"minecraft:chest":2,"minecraft:dead_bush":5,"minecraft:lectern":5,"minecraft:copper_ore":2,"minecraft:tall_grass":14,"minecraft:cobblestone":71,"minecraft:oak_planks":20,"minecraft:diorite":3,"minecraft:wall_torch":1,"minecraft:nether_wart_block":3,"minecraft:wheat":3,"minecraft:tnt":17,"minecraft:stone_brick_stairs":1,"minecraft:yellow_bed":1,"minecraft:oak_log":90,"minecraft:coal_ore":12,"minecraft:beetroots":2,"minecraft:acacia_door":2,"minecraft:sand":18,"minecraft:gravel":3,"minecraft:dripstone_block":4,"minecraft:dirt":15,"minecraft:crimson_planks":6,"minecraft:cracked_stone_bricks":1,"minecraft:stone_bricks":1,"minecraft:netherrack":33,"minecraft:mossy_stone_bricks":1,"minecraft:oak_leaves":6,"minecraft:deepslate":270,"minecraft:fern":6}},"DataVersion":3955}