{"stats":{"minecraft:crafted":{"minecraft:cooked_beef":32,"minecraft:oak_planks":608,"minecraft:stone_shovel":6,"minecraft:cooked_porkchop":11,"minecraft:oak_pressure_plate":4,"minecraft:wooden_pickaxe":1,"minecraft:furnace":2,"minecraft:birch_planks":264,"minecraft:stone_axe":2,"minecraft:air":0,"minecraft:iron_chestplate":1,"minecraft:shield":1,"minecraft:iron_axe":1,"minecraft:stick":32,"minecraft:iron_ingot":16,"minecraft:stone_pickaxe":2,"minecraft:wooden_axe":2,"minecraft:stone_sword":1,"minecraft:chest":9,"minecraft:birch_door":3,"minecraft:acacia_planks":28,"minecraft:torch":68,"minecraft:birch_stairs":36},"minecraft:used":{"minecraft:stone_sword":60,"minecraft:birch_planks":207,"minecraft:stone_pickaxe":161,"minecraft:stone_shovel":801,"minecraft:oak_planks":490,"minecraft:shield":13,"minecraft:chest":12,"minecraft:wooden_pickaxe":14,"minecraft:orange_bed":2,"minecraft:torch":46,"minecraft:dirt":79,"minecraft:crafting_table":3,"minecraft:birch_door":4,"minecraft:wooden_axe":95,"minecraft:bread":6,"minecraft:iron_axe":237,"minecraft:iron_pickaxe":160,"minecraft:oak_pressure_plate":4,"minecraft:stone_axe":175,"minecraft:cobblestone":13,"minecraft:furnace":2,"minecraft:oak_sapling":21,"minecraft:cooked_porkchop":11,"minecraft:cobbled_deepslate":68,"minecraft:cooked_beef":15,"minecraft:acacia_planks":25,"minecraft:birch_stairs":14},"minecraft:custom":{"minecraft:interact_with_furnace":26,"minecraft:mob_kills":39,"minecraft:interact_with_crafting_table":25,"minecraft:open_barrel":7,"minecraft:leave_game":4,"minecraft:time_since_death":175584,"minecraft:sleep_in_bed":7,"minecraft:climb_one_cm":157,"minecraft:time_since_rest":54188,"minecraft:sprint_one_cm":733456,"minecraft:damage_taken":1407,"minecraft:walk_one_cm":527535,"minecraft:damage_blocked_by_shield":358,"minecraft:drop":3,"minecraft:damage_dealt":6955,"minecraft:swim_one_cm":59401,"minecraft:talked_to_villager":1,"minecraft:fly_one_cm":384276,"minecraft:open_chest":52,"minecraft:crouch_one_cm":13729,"minecraft:play_time":175584,"minecraft:sneak_time":4466,"minecraft:walk_under_water_one_cm":23040,"minecraft:jump":2553,"minecraft:walk_on_water_one_cm":41741,"minecraft:total_world_time":175584,"minecraft:fall_one_cm":51655,"minecraft:horse_one_cm":234306},"minecraft:broken":{"minecraft:iron_axe":1,"minecraft:stone_axe":1,"minecraft:wooden_axe":1,"minecraft:stone_shovel":6},"minecraft:dropped":{"minecraft:stone_axe":1,"minecraft:wheat_seeds":23,"minecraft:stone_pickaxe":1},"minecraft:killed":{"minecraft:armadillo":1,"minecraft:pig":5,"minecraft:spider":2,"minecraft:iron_golem":1,"minecraft:creeper":1,"minecraft:skeleton":5,"minecraft:zombie":8,"minecraft:cow":15},"minecraft:picked_up":{"minecraft:birch_log":71,"minecraft:birch_door":2,"minecraft:crafting_table":4,"minecraft:andesite":7,"minecraft:leather":8,"minecraft:birch_planks":22,"minecraft:tuff":3,"minecraft:oak_log":206,"minecraft:gunpowder":2,"minecraft:dirt":801,"minecraft:bone":6,"minecraft:acacia_planks":5,"minecraft:apple":9,"minecraft:wheat_seeds":47,"minecraft:cobbled_deepslate":83,"minecraft:iron_ingot":4,"minecraft:beef":39,"minecraft:iron_pickaxe":1,"minecraft:chest":3,"minecraft:birch_sapling":5,"minecraft:oak_planks":65,"minecraft:egg":9,"minecraft:stick":16,"minecraft:raw_iron":56,"minecraft:cooked_porkchop":1,"minecraft:dripstone_block":4,"minecraft:torch":3,"minecraft:acacia_log":7,"minecraft:gravel":1,"minecraft:porkchop":11,"minecraft:birch_stairs":2,"minecraft:diorite":1,"minecraft:orange_bed":2,"minecraft:arrow":4,"minecraft:rotten_flesh":5,"minecraft:diamond":39,"minecraft:stone_axe":1,"minecraft:granite":2,"minecraft:bread":6,"minecraft:oak_sapling":31,"minecraft:coal":70,"minecraft:cobblestone":108},"minecraft:mined":{"minecraft:birch_stairs":2,"minecraft:tuff":3,"minecraft:deepslate_diamond_ore":39,"minecraft:crafting_table":5,"minecraft:granite":2,"minecraft:short_grass":24,"minecraft:acacia_log":7,"minecraft:grass_block":705,"minecraft:chest":3,"minecraft:jungle_log":1,"minecraft:dead_bush":1,"minecraft:cobblestone":1,"minecraft:oak_planks":66,"minecraft:diorite":1,"minecraft:wall_torch":3,"minecraft:birch_planks":23,"minecraft:cobbled_deepslate":46,"minecraft:birch_log":71,"minecraft:iron_ore":23,"minecraft:andesite":5,"minecraft:birch_leaves":1,"minecraft:birch_door":2,"minecraft:oak_log":206,"minecraft:coal_ore":54,"minecraft:deepslate_iron_ore":33,"minecraft:dirt_path":2,"minecraft:dirt":78,"minecraft:acacia_planks":5,"minecraft:stone":95,"minecraft:oak_leaves":65,"minecraft:deepslate":30,"minecraft:orange_bed":2}},"DataVersion":3955}