{"stats":{"minecraft:used":{"minecraft:wooden_axe":90,"minecraft:iron_axe":8,"minecraft:stone_shovel":467,"minecraft:bread":6,"minecraft:wooden_pickaxe":14,"minecraft:dirt":2,"minecraft:crafting_table":1},"minecraft:broken":{"minecraft:wooden_axe":1,"minecraft:stone_shovel":3},"minecraft:custom":{"minecraft:time_since_rest":14400,"minecraft:sprint_one_cm":181971,"minecraft:damage_taken":60,"minecraft:walk_one_cm":121545,"minecraft:mob_kills":18,"minecraft:damage_dealt":2431,"minecraft:interact_with_crafting_table":9,"minecraft:swim_one_cm":3674,"minecraft:fly_one_cm":107332,"minecraft:open_barrel":6,"minecraft:open_chest":7,"minecraft:crouch_one_cm":533,"minecraft:play_time":33459,"minecraft:sneak_time":60,"minecraft:walk_under_water_one_cm":761,"minecraft:jump":512,"minecraft:time_since_death":33459,"minecraft:walk_on_water_one_cm":1513,"minecraft:sleep_in_bed":2,"minecraft:total_world_time":33459,"minecraft:fall_one_cm":10858,"minecraft:horse_one_cm":44861},"minecraft:killed":{"minecraft:pig":5,"minecraft:iron_golem":1,"minecraft:cow":12},"minecraft:picked_up":{"minecraft:crafting_table":2,"minecraft:leather":6,"minecraft:acacia_log":7,"minecraft:porkchop":11,"minecraft:oak_log":44,"minecraft:dirt":452,"minecraft:orange_bed":1,"minecraft:wheat_seeds":23,"minecraft:beef":32,"minecraft:iron_ingot":4,"minecraft:bread":6,"minecraft:oak_sapling":3,"minecraft:cobblestone":14,"minecraft:egg":3},"minecraft:crafted":{"minecraft:oak_planks":176,"minecraft:stone_shovel":4,"minecraft:iron_axe":1,"minecraft:stick":20,"minecraft:wooden_pickaxe":1,"minecraft:wooden_axe":2,"minecraft:acacia_planks":28},"minecraft:mined":{"minecraft:crafting_table":3,"minecraft:short_grass":20,"minecraft:acacia_log":7,"minecraft:grass_block":444,"minecraft:oak_log":44,"minecraft:dead_bush":1,"minecraft:dirt":10,"minecraft:stone":14,"minecraft:oak_leaves":13,"minecraft:orange_bed":1}},"DataVersion":3955}