{"stats":{"minecraft:used":{"minecraft:wooden_axe":62},"minecraft:broken":{"minecraft:wooden_axe":1},"minecraft:custom":{"minecraft:time_since_rest":9459,"minecraft:crouch_one_cm":251,"minecraft:play_time":9459,"minecraft:sprint_one_cm":30268,"minecraft:damage_taken":20,"minecraft:walk_one_cm":28114,"minecraft:sneak_time":27,"minecraft:jump":135,"minecraft:time_since_death":9459,"minecraft:total_world_time":9459,"minecraft:interact_with_crafting_table":3,"minecraft:fall_one_cm":2494,"minecraft:fly_one_cm":26649},"minecraft:picked_up":{"minecraft:wheat_seeds":1,"minecraft:acacia_log":7,"minecraft:oak_log":44,"minecraft:oak_sapling":3},"minecraft:crafted":{"minecraft:oak_planks":176,"minecraft:acacia_planks":28,"minecraft:stick":4,"minecraft:wooden_axe":1},"minecraft:mined":{"minecraft:short_grass":3,"minecraft:acacia_log":7,"minecraft:oak_log":44,"minecraft:dead_bush":1,"minecraft:oak_leaves":13}},"DataVersion":3955}