{"stats":{"minecraft:crafted":{"minecraft:cooked_beef":6,"minecraft:oak_planks":608,"minecraft:stone_shovel":6,"minecraft:cooked_porkchop":11,"minecraft:oak_pressure_plate":4,"minecraft:wooden_pickaxe":1,"minecraft:furnace":2,"minecraft:birch_planks":264,"minecraft:stone_axe":2,"minecraft:air":0,"minecraft:iron_axe":1,"minecraft:stick":20,"minecraft:stone_pickaxe":2,"minecraft:wooden_axe":2,"minecraft:chest":8,"minecraft:birch_door":3,"minecraft:acacia_planks":28,"minecraft:torch":20,"minecraft:birch_stairs":36},"minecraft:used":{"minecraft:birch_planks":207,"minecraft:stone_pickaxe":19,"minecraft:stone_shovel":801,"minecraft:oak_planks":457,"minecraft:chest":11,"minecraft:wooden_pickaxe":14,"minecraft:orange_bed":2,"minecraft:torch":17,"minecraft:dirt":77,"minecraft:crafting_table":3,"minecraft:birch_door":4,"minecraft:wooden_axe":95,"minecraft:bread":6,"minecraft:iron_axe":237,"minecraft:oak_pressure_plate":4,"minecraft:stone_axe":140,"minecraft:cobblestone":3,"minecraft:furnace":2,"minecraft:oak_sapling":21,"minecraft:cooked_porkchop":10,"minecraft:acacia_planks":25,"minecraft:birch_stairs":14},"minecraft:custom":{"minecraft:interact_with_furnace":15,"minecraft:mob_kills":21,"minecraft:interact_with_crafting_table":21,"minecraft:open_barrel":7,"minecraft:leave_game":2,"minecraft:time_since_death":103188,"minecraft:sleep_in_bed":6,"minecraft:climb_one_cm":157,"minecraft:time_since_rest":13105,"minecraft:sprint_one_cm":461773,"minecraft:damage_taken":509,"minecraft:walk_one_cm":388760,"minecraft:drop":2,"minecraft:damage_dealt":3291,"minecraft:swim_one_cm":11537,"minecraft:fly_one_cm":215239,"minecraft:open_chest":26,"minecraft:crouch_one_cm":1467,"minecraft:play_time":103188,"minecraft:sneak_time":315,"minecraft:walk_under_water_one_cm":4439,"minecraft:jump":1167,"minecraft:walk_on_water_one_cm":6443,"minecraft:total_world_time":103188,"minecraft:fall_one_cm":26759,"minecraft:horse_one_cm":216317},"minecraft:broken":{"minecraft:iron_axe":1,"minecraft:stone_axe":1,"minecraft:wooden_axe":1,"minecraft:stone_shovel":6},"minecraft:dropped":{"minecraft:stone_axe":1,"minecraft:wheat_seeds":23},"minecraft:killed":{"minecraft:pig":5,"minecraft:iron_golem":1,"minecraft:zombie":3,"minecraft:cow":12},"minecraft:picked_up":{"minecraft:birch_log":71,"minecraft:birch_door":2,"minecraft:crafting_table":4,"minecraft:leather":6,"minecraft:birch_planks":22,"minecraft:oak_log":206,"minecraft:dirt":790,"minecraft:acacia_planks":5,"minecraft:apple":9,"minecraft:wheat_seeds":46,"minecraft:iron_ingot":4,"minecraft:beef":32,"minecraft:chest":3,"minecraft:birch_sapling":5,"minecraft:oak_planks":35,"minecraft:egg":7,"minecraft:stick":16,"minecraft:raw_iron":10,"minecraft:torch":2,"minecraft:acacia_log":7,"minecraft:porkchop":11,"minecraft:birch_stairs":2,"minecraft:orange_bed":2,"minecraft:rotten_flesh":2,"minecraft:stone_axe":1,"minecraft:bread":6,"minecraft:oak_sapling":31,"minecraft:cobblestone":22},"minecraft:mined":{"minecraft:birch_stairs":2,"minecraft:crafting_table":5,"minecraft:short_grass":23,"minecraft:acacia_log":7,"minecraft:grass_block":703,"minecraft:chest":3,"minecraft:jungle_log":1,"minecraft:dead_bush":1,"minecraft:oak_planks":35,"minecraft:wall_torch":2,"minecraft:birch_planks":23,"minecraft:birch_log":71,"minecraft:iron_ore":8,"minecraft:birch_leaves":1,"minecraft:birch_door":2,"minecraft:oak_log":206,"minecraft:deepslate_iron_ore":2,"minecraft:dirt_path":2,"minecraft:dirt":69,"minecraft:acacia_planks":5,"minecraft:stone":22,"minecraft:oak_leaves":65,"minecraft:orange_bed":2}},"DataVersion":3955}