{"stats":{"minecraft:used":{"minecraft:wooden_axe":90,"minecraft:iron_axe":70,"minecraft:stone_shovel":626,"minecraft:bread":6,"minecraft:oak_planks":117,"minecraft:wooden_pickaxe":14,"minecraft:orange_bed":1,"minecraft:dirt":73,"minecraft:crafting_table":1,"minecraft:cooked_porkchop":2,"minecraft:acacia_planks":25},"minecraft:broken":{"minecraft:wooden_axe":1,"minecraft:stone_shovel":4},"minecraft:custom":{"minecraft:time_since_rest":9231,"minecraft:interact_with_furnace":9,"minecraft:sprint_one_cm":207334,"minecraft:damage_taken":289,"minecraft:walk_one_cm":175412,"minecraft:mob_kills":19,"minecraft:damage_dealt":2801,"minecraft:interact_with_crafting_table":10,"minecraft:swim_one_cm":3674,"minecraft:fly_one_cm":116823,"minecraft:open_barrel":7,"minecraft:open_chest":7,"minecraft:crouch_one_cm":641,"minecraft:play_time":45459,"minecraft:sneak_time":74,"minecraft:walk_under_water_one_cm":761,"minecraft:jump":653,"minecraft:time_since_death":45459,"minecraft:walk_on_water_one_cm":1513,"minecraft:sleep_in_bed":3,"minecraft:total_world_time":45459,"minecraft:fall_one_cm":14292,"minecraft:horse_one_cm":48197},"minecraft:killed":{"minecraft:zombie":1,"minecraft:pig":5,"minecraft:iron_golem":1,"minecraft:cow":12},"minecraft:picked_up":{"minecraft:stick":4,"minecraft:crafting_table":2,"minecraft:leather":6,"minecraft:acacia_log":7,"minecraft:porkchop":11,"minecraft:oak_log":67,"minecraft:dirt":632,"minecraft:orange_bed":2,"minecraft:acacia_planks":5,"minecraft:apple":2,"minecraft:wheat_seeds":23,"minecraft:beef":32,"minecraft:iron_ingot":4,"minecraft:bread":6,"minecraft:oak_sapling":9,"minecraft:cobblestone":14,"minecraft:egg":3},"minecraft:crafted":{"minecraft:oak_planks":176,"minecraft:stone_shovel":5,"minecraft:cooked_porkchop":11,"minecraft:iron_axe":1,"minecraft:stick":20,"minecraft:wooden_pickaxe":1,"minecraft:wooden_axe":2,"minecraft:acacia_planks":28,"minecraft:air":0},"minecraft:mined":{"minecraft:crafting_table":3,"minecraft:short_grass":20,"minecraft:acacia_log":7,"minecraft:grass_block":547,"minecraft:oak_log":67,"minecraft:dead_bush":1,"minecraft:dirt":69,"minecraft:acacia_planks":5,"minecraft:stone":14,"minecraft:oak_leaves":40,"minecraft:orange_bed":2}},"DataVersion":3955}