{"stats":{"minecraft:used":{"minecraft:stone_sword":60,"minecraft:iron_shovel":289,"minecraft:stone_shovel":801,"minecraft:chest":12,"minecraft:shield":13,"minecraft:iron_sword":1,"minecraft:cooked_chicken":1,"minecraft:iron_chestplate":1,"minecraft:orange_bed":5,"minecraft:torch":72,"minecraft:dirt":79,"minecraft:birch_door":4,"minecraft:glass":15,"minecraft:wooden_axe":95,"minecraft:iron_axe":269,"minecraft:iron_helmet":1,"minecraft:iron_boots":1,"minecraft:birch_trapdoor":2,"minecraft:oak_sapling":21,"minecraft:furnace":3,"minecraft:egg":5,"minecraft:cooked_beef":20,"minecraft:cobbled_deepslate":68,"minecraft:acacia_planks":25,"minecraft:iron_leggings":1,"minecraft:water_bucket":7,"minecraft:birch_planks":212,"minecraft:stone_pickaxe":161,"minecraft:oak_planks":492,"minecraft:wooden_pickaxe":14,"minecraft:oak_slab":4,"minecraft:crafting_table":4,"minecraft:blast_furnace":2,"minecraft:smoker":2,"minecraft:diamond_pickaxe":22,"minecraft:birch_slab":11,"minecraft:bread":6,"minecraft:iron_pickaxe":435,"minecraft:oak_pressure_plate":4,"minecraft:stone_axe":175,"minecraft:cobblestone":58,"minecraft:cooked_porkchop":14,"minecraft:bucket":9,"minecraft:yellow_bed":2,"minecraft:birch_stairs":18},"minecraft:custom":{"minecraft:mob_kills":45,"minecraft:interact_with_crafting_table":51,"minecraft:open_barrel":9,"minecraft:leave_game":8,"minecraft:time_since_death":266567,"minecraft:climb_one_cm":157,"minecraft:sprint_one_cm":1047653,"minecraft:walk_one_cm":696312,"minecraft:damage_blocked_by_shield":358,"minecraft:drop":152,"minecraft:talked_to_villager":1,"minecraft:play_time":266567,"minecraft:sneak_time":6182,"minecraft:walk_under_water_one_cm":29246,"minecraft:jump":3548,"minecraft:interact_with_blast_furnace":10,"minecraft:walk_on_water_one_cm":74829,"minecraft:total_world_time":266567,"minecraft:interact_with_furnace":92,"minecraft:sleep_in_bed":11,"minecraft:time_since_rest":25413,"minecraft:damage_taken":1647,"minecraft:damage_dealt":7621,"minecraft:swim_one_cm":135243,"minecraft:fly_one_cm":575269,"minecraft:open_chest":177,"minecraft:crouch_one_cm":21132,"minecraft:interact_with_smoker":9,"minecraft:fall_one_cm":61409,"minecraft:horse_one_cm":529371},"minecraft:picked_up":{"minecraft:birch_door":2,"minecraft:crafting_table":4,"minecraft:raw_copper":8,"minecraft:cobbled_deepslate":83,"minecraft:beef":48,"minecraft:poppy":3,"minecraft:iron_pickaxe":1,"minecraft:chest":3,"minecraft:birch_sapling":5,"minecraft:egg":15,"minecraft:furnace":3,"minecraft:stick":16,"minecraft:raw_iron":83,"minecraft:torch":11,"minecraft:acacia_log":7,"minecraft:porkchop":12,"minecraft:diorite":4,"minecraft:redstone":8,"minecraft:orange_bed":6,"minecraft:arrow":4,"minecraft:rotten_flesh":5,"minecraft:cobblestone":249,"minecraft:birch_log":71,"minecraft:birch_slab":3,"minecraft:andesite":7,"minecraft:leather":13,"minecraft:birch_planks":25,"minecraft:tuff":3,"minecraft:oak_log":206,"minecraft:yellow_bed":2,"minecraft:gunpowder":2,"minecraft:dirt":830,"minecraft:bone":6,"minecraft:acacia_planks":5,"minecraft:apple":9,"minecraft:wheat_seeds":47,"minecraft:iron_ingot":4,"minecraft:oak_planks":72,"minecraft:cooked_porkchop":1,"minecraft:dandelion":16,"minecraft:dripstone_block":4,"minecraft:gravel":1,"minecraft:sand":265,"minecraft:birch_stairs":6,"minecraft:diamond":39,"minecraft:stone_axe":1,"minecraft:granite":40,"minecraft:bread":6,"minecraft:oak_sapling":31,"minecraft:coal":167},"minecraft:broken":{"minecraft:iron_shovel":1,"minecraft:iron_axe":1,"minecraft:stone_axe":1,"minecraft:iron_pickaxe":2,"minecraft:wooden_axe":1,"minecraft:stone_shovel":6},"minecraft:dropped":{"minecraft:wheat_seeds":23,"minecraft:cooked_beef":10,"minecraft:dirt":1316,"minecraft:orange_bed":1,"minecraft:stone_axe":1,"minecraft:stone_pickaxe":1},"minecraft:crafted":{"minecraft:smooth_stone":49,"minecraft:oak_planks":608,"minecraft:stone_shovel":6,"minecraft:oak_pressure_plate":4,"minecraft:cooked_chicken":1,"minecraft:birch_slab":12,"minecraft:furnace":4,"minecraft:blast_furnace":2,"minecraft:stone":63,"minecraft:glass":80,"minecraft:diamond_helmet":1,"minecraft:iron_boots":1,"minecraft:diamond_leggings":1,"minecraft:iron_axe":2,"minecraft:stone_pickaxe":2,"minecraft:chest":9,"minecraft:diamond_boots":1,"minecraft:birch_door":3,"minecraft:redstone_block":4,"minecraft:smoker":2,"minecraft:cooked_beef":48,"minecraft:oak_slab":12,"minecraft:diamond_sword":1,"minecraft:cooked_porkchop":14,"minecraft:wooden_pickaxe":1,"minecraft:iron_helmet":1,"minecraft:iron_sword":1,"minecraft:bucket":2,"minecraft:birch_planks":284,"minecraft:stone_axe":2,"minecraft:air":0,"minecraft:iron_chestplate":1,"minecraft:diamond_pickaxe":1,"minecraft:shield":1,"minecraft:stick":80,"minecraft:iron_ingot":65,"minecraft:iron_pickaxe":3,"minecraft:birch_trapdoor":2,"minecraft:wooden_axe":2,"minecraft:stone_sword":1,"minecraft:iron_shovel":2,"minecraft:iron_leggings":1,"minecraft:acacia_planks":28,"minecraft:torch":184,"minecraft:birch_stairs":36,"minecraft:diamond_chestplate":1},"minecraft:killed":{"minecraft:armadillo":1,"minecraft:spider":2,"minecraft:skeleton":5,"minecraft:pig":6,"minecraft:iron_golem":1,"minecraft:creeper":1,"minecraft:zombie":8,"minecraft:cow":20},"minecraft:mined":{"minecraft:tuff":3,"minecraft:deepslate_diamond_ore":39,"minecraft:granite":40,"minecraft:acacia_log":7,"minecraft:grass_block":709,"minecraft:jungle_log":1,"minecraft:birch_slab":3,"minecraft:furnace":3,"minecraft:iron_ore":42,"minecraft:cobbled_deepslate":46,"minecraft:andesite":5,"minecraft:dirt_path":2,"minecraft:deepslate_iron_ore":41,"minecraft:stone":232,"minecraft:orange_bed":6,"minecraft:deepslate_redstone_ore":2,"minecraft:birch_stairs":6,"minecraft:crafting_table":5,"minecraft:short_grass":24,"minecraft:chest":3,"minecraft:dead_bush":1,"minecraft:cobblestone":5,"minecraft:copper_ore":2,"minecraft:oak_planks":82,"minecraft:diorite":4,"minecraft:wall_torch":4,"minecraft:birch_planks":26,"minecraft:birch_log":71,"minecraft:birch_leaves":1,"minecraft:birch_door":2,"minecraft:yellow_bed":2,"minecraft:oak_log":206,"minecraft:coal_ore":130,"minecraft:sand":265,"minecraft:dirt":103,"minecraft:acacia_planks":5,"minecraft:oak_leaves":65,"minecraft:deepslate":30}},"DataVersion":3955}