{"stats":{"minecraft:crafted":{"minecraft:oak_planks":608,"minecraft:stone_shovel":6,"minecraft:cooked_porkchop":11,"minecraft:oak_pressure_plate":4,"minecraft:wooden_pickaxe":1,"minecraft:birch_planks":264,"minecraft:stone_axe":2,"minecraft:air":0,"minecraft:iron_axe":1,"minecraft:stick":20,"minecraft:wooden_axe":2,"minecraft:chest":8,"minecraft:birch_door":3,"minecraft:acacia_planks":28,"minecraft:birch_stairs":36},"minecraft:used":{"minecraft:birch_planks":140,"minecraft:stone_shovel":801,"minecraft:oak_planks":390,"minecraft:chest":11,"minecraft:wooden_pickaxe":14,"minecraft:orange_bed":2,"minecraft:dirt":77,"minecraft:crafting_table":3,"minecraft:birch_door":4,"minecraft:wooden_axe":95,"minecraft:bread":6,"minecraft:iron_axe":237,"minecraft:oak_pressure_plate":4,"minecraft:stone_axe":137,"minecraft:cooked_porkchop":7,"minecraft:acacia_planks":25,"minecraft:birch_stairs":14},"minecraft:custom":{"minecraft:interact_with_furnace":9,"minecraft:mob_kills":21,"minecraft:interact_with_crafting_table":19,"minecraft:open_barrel":7,"minecraft:leave_game":2,"minecraft:time_since_death":85188,"minecraft:sleep_in_bed":5,"minecraft:climb_one_cm":157,"minecraft:time_since_rest":8995,"minecraft:sprint_one_cm":358560,"minecraft:damage_taken":419,"minecraft:walk_one_cm":326786,"minecraft:drop":2,"minecraft:damage_dealt":3291,"minecraft:swim_one_cm":6939,"minecraft:fly_one_cm":174574,"minecraft:open_chest":13,"minecraft:crouch_one_cm":850,"minecraft:play_time":85188,"minecraft:sneak_time":131,"minecraft:walk_under_water_one_cm":2967,"minecraft:jump":956,"minecraft:walk_on_water_one_cm":5169,"minecraft:total_world_time":85188,"minecraft:fall_one_cm":20949,"minecraft:horse_one_cm":162907},"minecraft:broken":{"minecraft:iron_axe":1,"minecraft:wooden_axe":1,"minecraft:stone_shovel":6},"minecraft:dropped":{"minecraft:stone_axe":1,"minecraft:wheat_seeds":23},"minecraft:killed":{"minecraft:pig":5,"minecraft:iron_golem":1,"minecraft:zombie":3,"minecraft:cow":12},"minecraft:picked_up":{"minecraft:birch_log":71,"minecraft:birch_door":2,"minecraft:crafting_table":4,"minecraft:leather":6,"minecraft:birch_planks":17,"minecraft:oak_log":206,"minecraft:dirt":790,"minecraft:acacia_planks":5,"minecraft:apple":9,"minecraft:wheat_seeds":46,"minecraft:iron_ingot":4,"minecraft:beef":32,"minecraft:chest":3,"minecraft:birch_sapling":5,"minecraft:oak_planks":33,"minecraft:egg":6,"minecraft:stick":16,"minecraft:acacia_log":7,"minecraft:porkchop":11,"minecraft:birch_stairs":2,"minecraft:orange_bed":2,"minecraft:rotten_flesh":2,"minecraft:stone_axe":1,"minecraft:bread":6,"minecraft:oak_sapling":31,"minecraft:cobblestone":14},"minecraft:mined":{"minecraft:birch_stairs":2,"minecraft:crafting_table":5,"minecraft:short_grass":23,"minecraft:acacia_log":7,"minecraft:grass_block":703,"minecraft:chest":3,"minecraft:jungle_log":1,"minecraft:dead_bush":1,"minecraft:oak_planks":33,"minecraft:birch_planks":22,"minecraft:birch_log":71,"minecraft:birch_leaves":1,"minecraft:birch_door":2,"minecraft:oak_log":206,"minecraft:dirt_path":2,"minecraft:dirt":69,"minecraft:acacia_planks":5,"minecraft:stone":14,"minecraft:oak_leaves":65,"minecraft:orange_bed":2}},"DataVersion":3955}