{"stats":{"minecraft:crafted":{"minecraft:oak_planks":608,"minecraft:stone_shovel":6,"minecraft:oak_pressure_plate":4,"minecraft:birch_slab":12,"minecraft:furnace":2,"minecraft:iron_boots":1,"minecraft:iron_axe":2,"minecraft:stone_pickaxe":2,"minecraft:chest":9,"minecraft:birch_door":3,"minecraft:cooked_beef":32,"minecraft:oak_slab":12,"minecraft:cooked_porkchop":11,"minecraft:wooden_pickaxe":1,"minecraft:iron_helmet":1,"minecraft:iron_sword":1,"minecraft:birch_planks":264,"minecraft:stone_axe":2,"minecraft:air":0,"minecraft:iron_chestplate":1,"minecraft:shield":1,"minecraft:stick":40,"minecraft:iron_ingot":56,"minecraft:iron_pickaxe":1,"minecraft:wooden_axe":2,"minecraft:stone_sword":1,"minecraft:iron_shovel":2,"minecraft:iron_leggings":1,"minecraft:acacia_planks":28,"minecraft:torch":68,"minecraft:birch_stairs":36},"minecraft:used":{"minecraft:stone_sword":60,"minecraft:iron_shovel":265,"minecraft:stone_shovel":801,"minecraft:chest":12,"minecraft:shield":13,"minecraft:iron_chestplate":1,"minecraft:orange_bed":5,"minecraft:torch":55,"minecraft:dirt":79,"minecraft:birch_door":4,"minecraft:wooden_axe":95,"minecraft:iron_axe":247,"minecraft:iron_helmet":1,"minecraft:iron_boots":1,"minecraft:furnace":3,"minecraft:oak_sapling":21,"minecraft:cooked_beef":18,"minecraft:acacia_planks":25,"minecraft:cobbled_deepslate":68,"minecraft:iron_leggings":1,"minecraft:birch_planks":210,"minecraft:stone_pickaxe":161,"minecraft:oak_planks":492,"minecraft:wooden_pickaxe":14,"minecraft:oak_slab":4,"minecraft:crafting_table":4,"minecraft:birch_slab":11,"minecraft:bread":6,"minecraft:iron_pickaxe":234,"minecraft:oak_pressure_plate":4,"minecraft:stone_axe":175,"minecraft:cobblestone":29,"minecraft:cooked_porkchop":12,"minecraft:yellow_bed":2,"minecraft:birch_stairs":18},"minecraft:custom":{"minecraft:mob_kills":44,"minecraft:interact_with_crafting_table":32,"minecraft:open_barrel":7,"minecraft:leave_game":5,"minecraft:time_since_death":205342,"minecraft:climb_one_cm":157,"minecraft:sprint_one_cm":870062,"minecraft:walk_one_cm":590618,"minecraft:damage_blocked_by_shield":358,"minecraft:drop":10,"minecraft:talked_to_villager":1,"minecraft:play_time":205342,"minecraft:sneak_time":5030,"minecraft:walk_under_water_one_cm":26590,"minecraft:jump":2893,"minecraft:walk_on_water_one_cm":71685,"minecraft:total_world_time":205342,"minecraft:interact_with_furnace":43,"minecraft:sleep_in_bed":8,"minecraft:time_since_rest":21993,"minecraft:damage_taken":1527,"minecraft:damage_dealt":7495,"minecraft:swim_one_cm":78852,"minecraft:fly_one_cm":459989,"minecraft:open_chest":74,"minecraft:crouch_one_cm":15836,"minecraft:fall_one_cm":54680,"minecraft:horse_one_cm":331034},"minecraft:broken":{"minecraft:iron_shovel":1,"minecraft:iron_axe":1,"minecraft:stone_axe":1,"minecraft:iron_pickaxe":1,"minecraft:wooden_axe":1,"minecraft:stone_shovel":6},"minecraft:dropped":{"minecraft:wheat_seeds":23,"minecraft:cooked_beef":6,"minecraft:orange_bed":1,"minecraft:stone_axe":1,"minecraft:stone_pickaxe":1},"minecraft:killed":{"minecraft:armadillo":1,"minecraft:spider":2,"minecraft:skeleton":5,"minecraft:pig":6,"minecraft:iron_golem":1,"minecraft:creeper":1,"minecraft:zombie":8,"minecraft:cow":19},"minecraft:picked_up":{"minecraft:birch_door":2,"minecraft:crafting_table":4,"minecraft:cobbled_deepslate":83,"minecraft:beef":47,"minecraft:iron_pickaxe":1,"minecraft:chest":3,"minecraft:birch_sapling":5,"minecraft:egg":9,"minecraft:furnace":1,"minecraft:raw_iron":65,"minecraft:stick":16,"minecraft:torch":3,"minecraft:acacia_log":7,"minecraft:porkchop":12,"minecraft:diorite":1,"minecraft:orange_bed":6,"minecraft:rotten_flesh":5,"minecraft:arrow":4,"minecraft:cobblestone":116,"minecraft:birch_log":71,"minecraft:birch_slab":3,"minecraft:andesite":7,"minecraft:leather":12,"minecraft:birch_planks":23,"minecraft:tuff":3,"minecraft:oak_log":206,"minecraft:yellow_bed":2,"minecraft:gunpowder":2,"minecraft:dirt":804,"minecraft:bone":6,"minecraft:acacia_planks":5,"minecraft:apple":9,"minecraft:wheat_seeds":47,"minecraft:iron_ingot":4,"minecraft:oak_planks":66,"minecraft:cooked_porkchop":1,"minecraft:gravel":1,"minecraft:dripstone_block":4,"minecraft:sand":265,"minecraft:birch_stairs":2,"minecraft:diamond":39,"minecraft:stone_axe":1,"minecraft:granite":2,"minecraft:bread":6,"minecraft:oak_sapling":31,"minecraft:coal":122},"minecraft:mined":{"minecraft:tuff":3,"minecraft:deepslate_diamond_ore":39,"minecraft:granite":2,"minecraft:acacia_log":7,"minecraft:grass_block":705,"minecraft:jungle_log":1,"minecraft:birch_slab":3,"minecraft:furnace":1,"minecraft:iron_ore":32,"minecraft:cobbled_deepslate":46,"minecraft:andesite":5,"minecraft:deepslate_iron_ore":33,"minecraft:dirt_path":2,"minecraft:stone":101,"minecraft:orange_bed":6,"minecraft:birch_stairs":2,"minecraft:crafting_table":5,"minecraft:short_grass":24,"minecraft:chest":3,"minecraft:dead_bush":1,"minecraft:cobblestone":3,"minecraft:oak_planks":67,"minecraft:diorite":1,"minecraft:wall_torch":3,"minecraft:birch_planks":24,"minecraft:birch_log":71,"minecraft:birch_leaves":1,"minecraft:birch_door":2,"minecraft:yellow_bed":2,"minecraft:oak_log":206,"minecraft:coal_ore":105,"minecraft:sand":265,"minecraft:dirt":81,"minecraft:acacia_planks":5,"minecraft:oak_leaves":65,"minecraft:deepslate":30}},"DataVersion":3955}