{"stats":{"minecraft:used":{"minecraft:stone_sword":60,"minecraft:iron_shovel":273,"minecraft:stone_shovel":801,"minecraft:chest":12,"minecraft:shield":13,"minecraft:iron_sword":1,"minecraft:cooked_chicken":1,"minecraft:iron_chestplate":1,"minecraft:orange_bed":5,"minecraft:torch":55,"minecraft:dirt":79,"minecraft:birch_door":4,"minecraft:glass":15,"minecraft:wooden_axe":95,"minecraft:iron_axe":267,"minecraft:iron_helmet":1,"minecraft:iron_boots":1,"minecraft:oak_sapling":21,"minecraft:furnace":3,"minecraft:egg":5,"minecraft:cooked_beef":19,"minecraft:cobbled_deepslate":68,"minecraft:acacia_planks":25,"minecraft:iron_leggings":1,"minecraft:birch_planks":210,"minecraft:stone_pickaxe":161,"minecraft:oak_planks":492,"minecraft:wooden_pickaxe":14,"minecraft:oak_slab":4,"minecraft:crafting_table":4,"minecraft:blast_furnace":2,"minecraft:smoker":2,"minecraft:birch_slab":11,"minecraft:bread":6,"minecraft:iron_pickaxe":254,"minecraft:oak_pressure_plate":4,"minecraft:stone_axe":175,"minecraft:cobblestone":29,"minecraft:cooked_porkchop":14,"minecraft:yellow_bed":2,"minecraft:birch_stairs":18},"minecraft:custom":{"minecraft:mob_kills":45,"minecraft:interact_with_crafting_table":41,"minecraft:open_barrel":9,"minecraft:leave_game":7,"minecraft:time_since_death":241142,"minecraft:climb_one_cm":157,"minecraft:sprint_one_cm":987770,"minecraft:walk_one_cm":645937,"minecraft:damage_blocked_by_shield":358,"minecraft:drop":152,"minecraft:talked_to_villager":1,"minecraft:play_time":241142,"minecraft:sneak_time":5187,"minecraft:walk_under_water_one_cm":26796,"minecraft:jump":3217,"minecraft:interact_with_blast_furnace":6,"minecraft:walk_on_water_one_cm":71917,"minecraft:total_world_time":241142,"minecraft:interact_with_furnace":90,"minecraft:sleep_in_bed":11,"minecraft:time_since_rest":0,"minecraft:damage_taken":1627,"minecraft:damage_dealt":7621,"minecraft:swim_one_cm":80694,"minecraft:fly_one_cm":543206,"minecraft:open_chest":140,"minecraft:crouch_one_cm":16417,"minecraft:interact_with_smoker":6,"minecraft:fall_one_cm":59371,"minecraft:horse_one_cm":482163},"minecraft:picked_up":{"minecraft:birch_door":2,"minecraft:crafting_table":4,"minecraft:cobbled_deepslate":83,"minecraft:beef":48,"minecraft:poppy":3,"minecraft:iron_pickaxe":1,"minecraft:chest":3,"minecraft:birch_sapling":5,"minecraft:egg":15,"minecraft:furnace":3,"minecraft:raw_iron":65,"minecraft:stick":16,"minecraft:torch":3,"minecraft:acacia_log":7,"minecraft:porkchop":12,"minecraft:diorite":1,"minecraft:orange_bed":6,"minecraft:arrow":4,"minecraft:rotten_flesh":5,"minecraft:cobblestone":118,"minecraft:birch_log":71,"minecraft:birch_slab":3,"minecraft:andesite":7,"minecraft:leather":13,"minecraft:birch_planks":23,"minecraft:tuff":3,"minecraft:oak_log":206,"minecraft:yellow_bed":2,"minecraft:gunpowder":2,"minecraft:dirt":812,"minecraft:bone":6,"minecraft:acacia_planks":5,"minecraft:apple":9,"minecraft:wheat_seeds":47,"minecraft:iron_ingot":4,"minecraft:oak_planks":72,"minecraft:cooked_porkchop":1,"minecraft:dandelion":16,"minecraft:dripstone_block":4,"minecraft:gravel":1,"minecraft:sand":265,"minecraft:birch_stairs":6,"minecraft:diamond":39,"minecraft:stone_axe":1,"minecraft:granite":2,"minecraft:bread":6,"minecraft:oak_sapling":31,"minecraft:coal":158},"minecraft:broken":{"minecraft:iron_shovel":1,"minecraft:iron_axe":1,"minecraft:stone_axe":1,"minecraft:iron_pickaxe":1,"minecraft:wooden_axe":1,"minecraft:stone_shovel":6},"minecraft:dropped":{"minecraft:wheat_seeds":23,"minecraft:cooked_beef":10,"minecraft:dirt":1316,"minecraft:orange_bed":1,"minecraft:stone_axe":1,"minecraft:stone_pickaxe":1},"minecraft:crafted":{"minecraft:smooth_stone":49,"minecraft:oak_planks":608,"minecraft:stone_shovel":6,"minecraft:oak_pressure_plate":4,"minecraft:cooked_chicken":1,"minecraft:birch_slab":12,"minecraft:furnace":4,"minecraft:blast_furnace":2,"minecraft:stone":63,"minecraft:glass":80,"minecraft:iron_boots":1,"minecraft:iron_axe":2,"minecraft:stone_pickaxe":2,"minecraft:chest":9,"minecraft:birch_door":3,"minecraft:redstone_block":4,"minecraft:smoker":2,"minecraft:cooked_beef":47,"minecraft:oak_slab":12,"minecraft:cooked_porkchop":13,"minecraft:wooden_pickaxe":1,"minecraft:iron_helmet":1,"minecraft:iron_sword":1,"minecraft:birch_planks":264,"minecraft:stone_axe":2,"minecraft:air":0,"minecraft:iron_chestplate":1,"minecraft:shield":1,"minecraft:stick":40,"minecraft:iron_ingot":56,"minecraft:iron_pickaxe":1,"minecraft:wooden_axe":2,"minecraft:stone_sword":1,"minecraft:iron_shovel":2,"minecraft:iron_leggings":1,"minecraft:acacia_planks":28,"minecraft:torch":68,"minecraft:birch_stairs":36},"minecraft:killed":{"minecraft:armadillo":1,"minecraft:spider":2,"minecraft:skeleton":5,"minecraft:pig":6,"minecraft:iron_golem":1,"minecraft:creeper":1,"minecraft:zombie":8,"minecraft:cow":20},"minecraft:mined":{"minecraft:tuff":3,"minecraft:deepslate_diamond_ore":39,"minecraft:granite":2,"minecraft:acacia_log":7,"minecraft:grass_block":705,"minecraft:jungle_log":1,"minecraft:birch_slab":3,"minecraft:furnace":3,"minecraft:iron_ore":32,"minecraft:cobbled_deepslate":46,"minecraft:andesite":5,"minecraft:dirt_path":2,"minecraft:deepslate_iron_ore":33,"minecraft:stone":103,"minecraft:orange_bed":6,"minecraft:birch_stairs":6,"minecraft:crafting_table":5,"minecraft:short_grass":24,"minecraft:chest":3,"minecraft:dead_bush":1,"minecraft:cobblestone":3,"minecraft:oak_planks":82,"minecraft:diorite":1,"minecraft:wall_torch":3,"minecraft:birch_planks":24,"minecraft:birch_log":71,"minecraft:birch_leaves":1,"minecraft:birch_door":2,"minecraft:yellow_bed":2,"minecraft:oak_log":206,"minecraft:coal_ore":121,"minecraft:sand":265,"minecraft:dirt":89,"minecraft:acacia_planks":5,"minecraft:oak_leaves":65,"minecraft:deepslate":30}},"DataVersion":3955}