{"stats":{"minecraft:crafted":{"minecraft:cooked_beef":3,"minecraft:oak_planks":24,"minecraft:wooden_shovel":6,"minecraft:crafting_table":1,"minecraft:stick":20,"minecraft:wooden_pickaxe":2,"minecraft:wooden_axe":2,"minecraft:furnace":1,"minecraft:air":0},"minecraft:used":{"minecraft:wooden_axe":35,"minecraft:wooden_pickaxe":46,"minecraft:orange_bed":1,"minecraft:dirt":4,"minecraft:crafting_table":3,"minecraft:furnace":2,"minecraft:cooked_beef":4},"minecraft:custom":{"minecraft:time_since_rest":28191,"minecraft:interact_with_furnace":10,"minecraft:sprint_one_cm":119953,"minecraft:damage_taken":270,"minecraft:walk_one_cm":155795,"minecraft:mob_kills":8,"minecraft:drop":2,"minecraft:damage_dealt":951,"minecraft:interact_with_crafting_table":8,"minecraft:fly_one_cm":48189,"minecraft:open_chest":10,"minecraft:crouch_one_cm":119,"minecraft:play_time":28191,"minecraft:sneak_time":27,"minecraft:jump":524,"minecraft:leave_game":2,"minecraft:walk_on_water_one_cm":1275,"minecraft:time_since_death":28191,"minecraft:interact_with_smoker":2,"minecraft:total_world_time":28191,"minecraft:fall_one_cm":14910,"minecraft:horse_one_cm":602},"minecraft:broken":{"minecraft:wooden_axe":1,"minecraft:wooden_pickaxe":1},"minecraft:dropped":{"minecraft:leather":2},"minecraft:killed":{"minecraft:horse":1,"minecraft:zombie":1,"minecraft:pig":2,"minecraft:chicken":1,"minecraft:cow":3},"minecraft:picked_up":{"minecraft:crafting_table":2,"minecraft:cooked_beef":6,"minecraft:chicken":1,"minecraft:leather":3,"minecraft:porkchop":2,"minecraft:oak_log":6,"minecraft:dirt":4,"minecraft:orange_bed":1,"minecraft:rotten_flesh":1,"minecraft:beef":3,"minecraft:coal":10,"minecraft:egg":1,"minecraft:cobblestone":8,"minecraft:furnace":1},"minecraft:mined":{"minecraft:furnace":1,"minecraft:crafting_table":2,"minecraft:short_grass":13,"minecraft:oak_log":6,"minecraft:grass_block":1,"minecraft:coal_ore":10,"minecraft:dirt":3,"minecraft:tall_grass":2,"minecraft:stone":8}},"DataVersion":3955}