{"stats":{"minecraft:crafted":{"minecraft:cooked_beef":3,"minecraft:oak_planks":24,"minecraft:wooden_shovel":6,"minecraft:crafting_table":1,"minecraft:wooden_pickaxe":2,"minecraft:furnace":1,"minecraft:air":0,"minecraft:stick":20,"minecraft:wooden_axe":2,"minecraft:acacia_planks":704},"minecraft:used":{"minecraft:acacia_log":8,"minecraft:wooden_pickaxe":46,"minecraft:wooden_shovel":136,"minecraft:orange_bed":1,"minecraft:dirt":4,"minecraft:crafting_table":3,"minecraft:wooden_axe":96,"minecraft:iron_axe":173,"minecraft:furnace":2,"minecraft:egg":1,"minecraft:cooked_beef":8},"minecraft:custom":{"minecraft:interact_with_furnace":10,"minecraft:mob_kills":8,"minecraft:interact_with_cartography_table":2,"minecraft:interact_with_crafting_table":10,"minecraft:interact_with_stonecutter":1,"minecraft:leave_game":6,"minecraft:time_since_death":81225,"minecraft:sleep_in_bed":3,"minecraft:time_since_rest":9358,"minecraft:sprint_one_cm":274174,"minecraft:damage_taken":380,"minecraft:walk_one_cm":212089,"minecraft:drop":3,"minecraft:damage_dealt":951,"minecraft:swim_one_cm":991,"minecraft:talked_to_villager":1,"minecraft:fly_one_cm":113816,"minecraft:open_chest":26,"minecraft:crouch_one_cm":304,"minecraft:play_time":81225,"minecraft:sneak_time":67,"minecraft:walk_under_water_one_cm":856,"minecraft:jump":1033,"minecraft:walk_on_water_one_cm":21797,"minecraft:interact_with_smoker":2,"minecraft:total_world_time":81225,"minecraft:fall_one_cm":24460,"minecraft:horse_one_cm":602},"minecraft:broken":{"minecraft:wooden_shovel":2,"minecraft:wooden_axe":2,"minecraft:wooden_pickaxe":1},"minecraft:dropped":{"minecraft:oak_log":3,"minecraft:leather":2},"minecraft:killed":{"minecraft:pig":2,"minecraft:horse":1,"minecraft:zombie":1,"minecraft:chicken":1,"minecraft:cow":3},"minecraft:picked_up":{"minecraft:crafting_table":2,"minecraft:wheat":1,"minecraft:cooked_beef":6,"minecraft:chicken":1,"minecraft:leather":3,"minecraft:oak_log":10,"minecraft:dirt":5,"minecraft:iron_axe":2,"minecraft:wheat_seeds":1,"minecraft:cartography_table":1,"minecraft:beef":3,"minecraft:iron_ingot":3,"minecraft:poppy":1,"minecraft:acacia_sapling":5,"minecraft:egg":1,"minecraft:furnace":1,"minecraft:stick":4,"minecraft:acacia_log":184,"minecraft:porkchop":2,"minecraft:sand":134,"minecraft:orange_bed":1,"minecraft:rotten_flesh":1,"minecraft:coal":10,"minecraft:oxeye_daisy":2,"minecraft:cobblestone":8},"minecraft:mined":{"minecraft:acacia_leaves":24,"minecraft:crafting_table":2,"minecraft:short_grass":25,"minecraft:acacia_log":192,"minecraft:grass_block":2,"minecraft:tall_grass":3,"minecraft:cartography_table":1,"minecraft:furnace":1,"minecraft:oak_log":11,"minecraft:coal_ore":10,"minecraft:sand":137,"minecraft:dirt":3,"minecraft:stone":8}},"DataVersion":3955}