{"stats":{"minecraft:crafted":{"minecraft:cooked_beef":3,"minecraft:oak_planks":24,"minecraft:crafting_table":1,"minecraft:stick":4,"minecraft:wooden_pickaxe":1,"minecraft:wooden_axe":1,"minecraft:furnace":1,"minecraft:air":0},"minecraft:used":{"minecraft:wooden_axe":26,"minecraft:wooden_pickaxe":21,"minecraft:dirt":1,"minecraft:crafting_table":2,"minecraft:furnace":1,"minecraft:cooked_beef":2},"minecraft:custom":{"minecraft:time_since_rest":15280,"minecraft:sprint_one_cm":48526,"minecraft:interact_with_furnace":4,"minecraft:damage_taken":190,"minecraft:walk_one_cm":117463,"minecraft:mob_kills":5,"minecraft:drop":2,"minecraft:damage_dealt":712,"minecraft:interact_with_crafting_table":4,"minecraft:fly_one_cm":25727,"minecraft:crouch_one_cm":113,"minecraft:play_time":15280,"minecraft:sneak_time":11,"minecraft:jump":326,"minecraft:leave_game":1,"minecraft:time_since_death":15280,"minecraft:total_world_time":15280,"minecraft:fall_one_cm":8824},"minecraft:dropped":{"minecraft:leather":2},"minecraft:killed":{"minecraft:horse":1,"minecraft:zombie":1,"minecraft:cow":3},"minecraft:picked_up":{"minecraft:crafting_table":1,"minecraft:leather":3,"minecraft:oak_log":6,"minecraft:dirt":3,"minecraft:rotten_flesh":1,"minecraft:beef":3,"minecraft:coal":10,"minecraft:cobblestone":8},"minecraft:mined":{"minecraft:crafting_table":1,"minecraft:short_grass":3,"minecraft:grass_block":1,"minecraft:oak_log":6,"minecraft:coal_ore":10,"minecraft:dirt":2,"minecraft:stone":8}},"DataVersion":3955}