{"stats":{"minecraft:crafted":{"minecraft:cooked_beef":3,"minecraft:oak_planks":24,"minecraft:wooden_shovel":6,"minecraft:crafting_table":1,"minecraft:wooden_pickaxe":2,"minecraft:furnace":1,"minecraft:air":0,"minecraft:stick":20,"minecraft:wooden_axe":2,"minecraft:acacia_planks":704},"minecraft:used":{"minecraft:acacia_log":8,"minecraft:wooden_pickaxe":49,"minecraft:wooden_shovel":141,"minecraft:orange_bed":1,"minecraft:dirt":4,"minecraft:crafting_table":3,"minecraft:wooden_axe":96,"minecraft:iron_axe":187,"minecraft:furnace":2,"minecraft:egg":1,"minecraft:cooked_beef":9},"minecraft:custom":{"minecraft:interact_with_furnace":10,"minecraft:mob_kills":11,"minecraft:interact_with_cartography_table":2,"minecraft:interact_with_crafting_table":10,"minecraft:interact_with_stonecutter":1,"minecraft:leave_game":7,"minecraft:time_since_death":89630,"minecraft:sleep_in_bed":4,"minecraft:time_since_rest":1610,"minecraft:sprint_one_cm":322445,"minecraft:damage_taken":390,"minecraft:walk_one_cm":239622,"minecraft:drop":3,"minecraft:damage_dealt":1251,"minecraft:swim_one_cm":991,"minecraft:talked_to_villager":1,"minecraft:fly_one_cm":146956,"minecraft:open_chest":31,"minecraft:crouch_one_cm":305,"minecraft:play_time":89630,"minecraft:sneak_time":87,"minecraft:walk_under_water_one_cm":1819,"minecraft:jump":1249,"minecraft:walk_on_water_one_cm":24331,"minecraft:interact_with_smoker":2,"minecraft:total_world_time":89630,"minecraft:fall_one_cm":29811,"minecraft:horse_one_cm":602},"minecraft:broken":{"minecraft:wooden_shovel":2,"minecraft:wooden_axe":2,"minecraft:wooden_pickaxe":1},"minecraft:dropped":{"minecraft:oak_log":3,"minecraft:leather":2},"minecraft:killed":{"minecraft:pig":5,"minecraft:horse":1,"minecraft:zombie":1,"minecraft:chicken":1,"minecraft:cow":3},"minecraft:picked_up":{"minecraft:crafting_table":2,"minecraft:wheat":1,"minecraft:cooked_beef":6,"minecraft:chicken":1,"minecraft:leather":3,"minecraft:oak_log":10,"minecraft:dirt":5,"minecraft:iron_axe":2,"minecraft:wheat_seeds":2,"minecraft:cartography_table":1,"minecraft:beef":3,"minecraft:iron_ingot":3,"minecraft:poppy":1,"minecraft:acacia_sapling":10,"minecraft:egg":2,"minecraft:furnace":1,"minecraft:stick":5,"minecraft:acacia_log":184,"minecraft:porkchop":10,"minecraft:sand":134,"minecraft:orange_bed":1,"minecraft:rotten_flesh":1,"minecraft:coal":13,"minecraft:oxeye_daisy":2,"minecraft:cobblestone":8},"minecraft:mined":{"minecraft:acacia_leaves":24,"minecraft:crafting_table":2,"minecraft:short_grass":29,"minecraft:acacia_log":192,"minecraft:grass_block":2,"minecraft:tall_grass":3,"minecraft:cartography_table":1,"minecraft:furnace":1,"minecraft:oak_log":11,"minecraft:coal_ore":13,"minecraft:sand":137,"minecraft:dirt":7,"minecraft:stone":8}},"DataVersion":3955}