{"stats":{"minecraft:crafted":{"minecraft:cooked_beef":3,"minecraft:oak_planks":24,"minecraft:wooden_shovel":6,"minecraft:crafting_table":1,"minecraft:stick":20,"minecraft:wooden_pickaxe":2,"minecraft:wooden_axe":2,"minecraft:furnace":1,"minecraft:acacia_planks":148,"minecraft:air":0},"minecraft:used":{"minecraft:wooden_axe":96,"minecraft:acacia_log":5,"minecraft:iron_axe":16,"minecraft:wooden_pickaxe":46,"minecraft:wooden_shovel":136,"minecraft:orange_bed":1,"minecraft:dirt":4,"minecraft:crafting_table":3,"minecraft:furnace":2,"minecraft:cooked_beef":7},"minecraft:custom":{"minecraft:time_since_rest":6856,"minecraft:interact_with_furnace":10,"minecraft:sprint_one_cm":206222,"minecraft:damage_taken":330,"minecraft:walk_one_cm":187998,"minecraft:mob_kills":8,"minecraft:drop":3,"minecraft:damage_dealt":951,"minecraft:talked_to_villager":1,"minecraft:interact_with_crafting_table":8,"minecraft:fly_one_cm":86688,"minecraft:open_chest":21,"minecraft:crouch_one_cm":186,"minecraft:play_time":51486,"minecraft:sneak_time":57,"minecraft:walk_under_water_one_cm":363,"minecraft:jump":790,"minecraft:interact_with_stonecutter":1,"minecraft:leave_game":4,"minecraft:time_since_death":51486,"minecraft:walk_on_water_one_cm":19775,"minecraft:sleep_in_bed":1,"minecraft:total_world_time":51486,"minecraft:interact_with_smoker":2,"minecraft:fall_one_cm":20678,"minecraft:horse_one_cm":602},"minecraft:broken":{"minecraft:wooden_axe":2,"minecraft:wooden_shovel":2,"minecraft:wooden_pickaxe":1},"minecraft:dropped":{"minecraft:oak_log":3,"minecraft:leather":2},"minecraft:killed":{"minecraft:horse":1,"minecraft:zombie":1,"minecraft:pig":2,"minecraft:chicken":1,"minecraft:cow":3},"minecraft:picked_up":{"minecraft:stick":3,"minecraft:crafting_table":2,"minecraft:wheat":1,"minecraft:cooked_beef":6,"minecraft:chicken":1,"minecraft:leather":3,"minecraft:acacia_log":64,"minecraft:porkchop":2,"minecraft:sand":134,"minecraft:oak_log":9,"minecraft:dirt":4,"minecraft:iron_axe":2,"minecraft:orange_bed":1,"minecraft:rotten_flesh":1,"minecraft:wheat_seeds":1,"minecraft:iron_ingot":3,"minecraft:beef":3,"minecraft:acacia_sapling":3,"minecraft:coal":10,"minecraft:cobblestone":8,"minecraft:furnace":1,"minecraft:egg":1},"minecraft:mined":{"minecraft:acacia_leaves":7,"minecraft:furnace":1,"minecraft:crafting_table":2,"minecraft:acacia_log":64,"minecraft:short_grass":15,"minecraft:grass_block":1,"minecraft:oak_log":10,"minecraft:coal_ore":10,"minecraft:sand":137,"minecraft:dirt":3,"minecraft:tall_grass":3,"minecraft:stone":8}},"DataVersion":3955}