{"stats":{"minecraft:used":{"minecraft:stone_sword":144,"minecraft:acacia_log":26,"minecraft:iron_shovel":1526,"minecraft:poppy":1,"minecraft:chest":13,"minecraft:shield":14,"minecraft:iron_sword":198,"minecraft:cooked_chicken":14,"minecraft:stone_hoe":20,"minecraft:rotten_flesh":6,"minecraft:orange_bed":6,"minecraft:torch":411,"minecraft:dirt":219,"minecraft:acacia_sapling":43,"minecraft:granite":25,"minecraft:chipped_anvil":1,"minecraft:iron_axe":730,"minecraft:acacia_slab":264,"minecraft:furnace":11,"minecraft:acacia_fence":73,"minecraft:egg":64,"minecraft:cooked_beef":7,"minecraft:acacia_planks":1713,"minecraft:cobbled_deepslate":25,"minecraft:short_grass":1,"minecraft:wheat_seeds":80,"minecraft:cooked_mutton":1,"minecraft:water_bucket":61,"minecraft:diorite":5,"minecraft:stone_pickaxe":471,"minecraft:oak_planks":1,"minecraft:wooden_pickaxe":7,"minecraft:stonecutter":1,"minecraft:white_wool":1,"minecraft:crafting_table":17,"minecraft:red_bed":1,"minecraft:blast_furnace":5,"minecraft:white_bed":4,"minecraft:smoker":8,"minecraft:wooden_hoe":14,"minecraft:acacia_stairs":303,"minecraft:apple":2,"minecraft:acacia_door":8,"minecraft:bread":44,"minecraft:melon_slice":4,"minecraft:iron_pickaxe":881,"minecraft:stone_axe":133,"minecraft:acacia_fence_gate":2,"minecraft:cobblestone":76,"minecraft:acacia_pressure_plate":2,"minecraft:white_banner":1,"minecraft:cooked_porkchop":15,"minecraft:bucket":62,"minecraft:andesite":43,"minecraft:glass_pane":193,"minecraft:smooth_stone_slab":285,"minecraft:oak_boat":5,"minecraft:kelp":59,"minecraft:bone_meal":42},"minecraft:custom":{"minecraft:mob_kills":82,"minecraft:animals_bred":39,"minecraft:interact_with_crafting_table":149,"minecraft:open_barrel":2,"minecraft:bell_ring":9,"minecraft:leave_game":8,"minecraft:time_since_death":423515,"minecraft:climb_one_cm":319,"minecraft:sprint_one_cm":1059913,"minecraft:walk_one_cm":1916045,"minecraft:damage_blocked_by_shield":423,"minecraft:drop":81,"minecraft:play_time":468041,"minecraft:deaths":1,"minecraft:sneak_time":24657,"minecraft:walk_under_water_one_cm":122571,"minecraft:boat_one_cm":431390,"minecraft:jump":5510,"minecraft:interact_with_blast_furnace":28,"minecraft:walk_on_water_one_cm":79130,"minecraft:total_world_time":468041,"minecraft:interact_with_furnace":269,"minecraft:interact_with_stonecutter":1,"minecraft:sleep_in_bed":26,"minecraft:time_since_rest":36882,"minecraft:damage_taken":4281,"minecraft:damage_dealt":14202,"minecraft:swim_one_cm":152976,"minecraft:fly_one_cm":770371,"minecraft:open_chest":319,"minecraft:crouch_one_cm":107688,"minecraft:interact_with_smoker":171,"minecraft:fall_one_cm":125292,"minecraft:horse_one_cm":370344},"minecraft:picked_up":{"minecraft:crafting_table":13,"minecraft:wheat":50,"minecraft:azure_bluet":2,"minecraft:ominous_bottle":1,"minecraft:chicken":18,"minecraft:chest_minecart":2,"minecraft:wooden_pickaxe":2,"minecraft:gold_block":1,"minecraft:stone_brick_stairs":1,"minecraft:cornflower":1,"minecraft:red_bed":2,"minecraft:string":3,"minecraft:smooth_stone_slab":9,"minecraft:smooth_stone":19,"minecraft:cobbled_deepslate":268,"minecraft:beef":1,"minecraft:acacia_fence_gate":1,"minecraft:oak_boat":5,"minecraft:poppy":8,"minecraft:iron_pickaxe":2,"minecraft:melon_slice":4,"minecraft:chest":7,"minecraft:egg":63,"minecraft:furnace":10,"minecraft:stick":19,"minecraft:raw_iron":155,"minecraft:stone":55,"minecraft:acacia_fence":10,"minecraft:torch":73,"minecraft:acacia_log":447,"minecraft:porkchop":32,"minecraft:dried_kelp":63,"minecraft:diorite":20,"minecraft:orange_bed":6,"minecraft:stone_sword":1,"minecraft:arrow":28,"minecraft:rotten_flesh":49,"minecraft:beetroot_seeds":3,"minecraft:hay_block":21,"minecraft:glow_berries":8,"minecraft:mutton":2,"minecraft:rail":65,"minecraft:white_wool":1,"minecraft:cobblestone":1047,"minecraft:oxeye_daisy":6,"minecraft:feather":28,"minecraft:cooked_beef":7,"minecraft:glow_ink_sac":9,"minecraft:andesite":54,"minecraft:smoker":10,"minecraft:filled_map":1,"minecraft:flint":3,"minecraft:tuff":2,"minecraft:oak_log":8,"minecraft:gunpowder":8,"minecraft:lapis_lazuli":105,"minecraft:dirt":2409,"minecraft:white_banner":1,"minecraft:bone":16,"minecraft:chipped_anvil":1,"minecraft:acacia_planks":650,"minecraft:apple":2,"minecraft:bow":1,"minecraft:kelp":785,"minecraft:stonecutter":3,"minecraft:wheat_seeds":226,"minecraft:raw_gold":4,"minecraft:iron_ingot":117,"minecraft:stone_pickaxe":4,"minecraft:tall_grass":2,"minecraft:bamboo":279,"minecraft:acacia_sapling":44,"minecraft:stone_hoe":1,"minecraft:cooked_porkchop":18,"minecraft:dandelion":15,"minecraft:gravel":21,"minecraft:sand":338,"minecraft:blast_furnace":3,"minecraft:white_bed":4,"minecraft:cyan_bed":1,"minecraft:acacia_stairs":62,"minecraft:spider_eye":1,"minecraft:dried_kelp_block":14,"minecraft:diamond":36,"minecraft:stone_axe":1,"minecraft:terracotta":1,"minecraft:granite":60,"minecraft:emerald":12,"minecraft:bread":36,"minecraft:netherrack":4,"minecraft:oak_sapling":4,"minecraft:acacia_slab":128,"minecraft:melon_seeds":5,"minecraft:coal":330},"minecraft:killed_by":{"minecraft:skeleton":1},"minecraft:broken":{"minecraft:iron_shovel":6,"minecraft:stone_pickaxe":3,"minecraft:iron_axe":1,"minecraft:stone_axe":1,"minecraft:iron_pickaxe":3},"minecraft:crafted":{"minecraft:oak_planks":32,"minecraft:smooth_stone":141,"minecraft:smooth_stone_slab":282,"minecraft:acacia_pressure_plate":2,"minecraft:cooked_chicken":14,"minecraft:furnace":3,"minecraft:acacia_fence_gate":1,"minecraft:blast_furnace":2,"minecraft:stone":151,"minecraft:bone_meal":42,"minecraft:cooked_mutton":1,"minecraft:glass_pane":208,"minecraft:glass":80,"minecraft:iron_boots":1,"minecraft:iron_axe":7,"minecraft:stone_pickaxe":4,"minecraft:chest":8,"minecraft:acacia_fence":63,"minecraft:dried_kelp_block":72,"minecraft:stone_hoe":1,"minecraft:wheat":189,"minecraft:cooked_beef":1,"minecraft:cooked_porkchop":17,"minecraft:crafting_table":5,"minecraft:acacia_slab":252,"minecraft:dried_kelp":638,"minecraft:iron_helmet":1,"minecraft:iron_sword":1,"minecraft:bucket":1,"minecraft:acacia_stairs":244,"minecraft:stone_axe":1,"minecraft:bread":78,"minecraft:air":0,"minecraft:oak_boat":1,"minecraft:iron_chestplate":1,"minecraft:wooden_hoe":1,"minecraft:shield":1,"minecraft:stick":212,"minecraft:iron_ingot":160,"minecraft:iron_pickaxe":5,"minecraft:stone_sword":1,"minecraft:iron_shovel":6,"minecraft:acacia_door":9,"minecraft:iron_leggings":1,"minecraft:acacia_planks":1576,"minecraft:torch":440},"minecraft:dropped":{"minecraft:iron_ingot":3,"minecraft:bread":49,"minecraft:wheat_seeds":34,"minecraft:lapis_lazuli":35,"minecraft:glow_ink_sac":3,"minecraft:cooked_porkchop":9,"minecraft:cobblestone":141,"minecraft:granite":11,"minecraft:coal":2,"minecraft:flint":1,"minecraft:emerald":4,"minecraft:oxeye_daisy":6,"minecraft:dirt":453,"minecraft:red_bed":1,"minecraft:cornflower":1,"minecraft:iron_axe":2,"minecraft:iron_pickaxe":2,"minecraft:acacia_door":1,"minecraft:paper":5,"minecraft:acacia_planks":78,"minecraft:dandelion":15,"minecraft:gravel":21,"minecraft:cobbled_deepslate":61,"minecraft:wheat":2,"minecraft:tall_grass":2,"minecraft:rotten_flesh":14,"minecraft:azure_bluet":2,"minecraft:acacia_stairs":1,"minecraft:poppy":6,"minecraft:andesite":10,"minecraft:melon_seeds":5,"minecraft:arrow":9,"minecraft:raw_gold":1,"minecraft:stone_brick_stairs":1,"minecraft:netherrack":2,"minecraft:terracotta":1},"minecraft:killed":{"minecraft:spider":5,"minecraft:skeleton":11,"minecraft:chicken":13,"minecraft:pig":12,"minecraft:iron_golem":1,"minecraft:creeper":2,"minecraft:sheep":1,"minecraft:pillager":2,"minecraft:zombie":31},"minecraft:mined":{"minecraft:tuff":2,"minecraft:attached_melon_stem":1,"minecraft:white_bed":3,"minecraft:deepslate_diamond_ore":15,"minecraft:glow_lichen":1,"minecraft:granite":25,"minecraft:acacia_log":295,"minecraft:grass_block":688,"minecraft:acacia_slab":132,"minecraft:kelp":239,"minecraft:hay_block":21,"minecraft:tall_seagrass":1,"minecraft:furnace":9,"minecraft:iron_ore":132,"minecraft:acacia_stairs":61,"minecraft:andesite":52,"minecraft:gold_block":4,"minecraft:deepslate_iron_ore":25,"minecraft:rail":57,"minecraft:bamboo":8,"minecraft:stone":604,"minecraft:orange_bed":6,"minecraft:acacia_leaves":43,"minecraft:glass_pane":2,"minecraft:red_bed":1,"minecraft:kelp_plant":184,"minecraft:melon_stem":3,"minecraft:smoker":9,"minecraft:crafting_table":11,"minecraft:torch":27,"minecraft:short_grass":235,"minecraft:blast_furnace":3,"minecraft:poppy":3,"minecraft:melon":1,"minecraft:chest":5,"minecraft:dead_bush":1,"minecraft:cobblestone":1,"minecraft:tall_grass":36,"minecraft:cyan_bed":1,"minecraft:deepslate_gold_ore":1,"minecraft:lapis_ore":5,"minecraft:sugar_cane":1,"minecraft:diorite":17,"minecraft:wall_torch":11,"minecraft:acacia_fence_gate":1,"minecraft:wheat":61,"minecraft:birch_leaves":1,"minecraft:stone_brick_stairs":1,"minecraft:smooth_stone_slab":4,"minecraft:oak_log":8,"minecraft:coal_ore":274,"minecraft:acacia_fence":10,"minecraft:sand":343,"minecraft:gravel":9,"minecraft:dirt":576,"minecraft:terracotta":1,"minecraft:acacia_planks":303,"minecraft:stonecutter":2,"minecraft:netherrack":2,"minecraft:chipped_anvil":1,"minecraft:oak_leaves":14,"minecraft:deepslate":77}},"DataVersion":3955}