{"stats":{"minecraft:used":{"minecraft:short_grass":1,"minecraft:stone_sword":86,"minecraft:acacia_log":1,"minecraft:poppy":1,"minecraft:stone_pickaxe":39,"minecraft:oak_planks":1,"minecraft:wooden_pickaxe":7,"minecraft:orange_bed":4,"minecraft:white_wool":1,"minecraft:torch":1,"minecraft:dirt":1,"minecraft:crafting_table":3,"minecraft:red_bed":1,"minecraft:smoker":1,"minecraft:bread":5,"minecraft:cooked_porkchop":2,"minecraft:acacia_planks":5},"minecraft:dropped":{"minecraft:bread":32,"minecraft:wheat_seeds":10,"minecraft:rotten_flesh":4,"minecraft:poppy":2},"minecraft:custom":{"minecraft:mob_kills":18,"minecraft:interact_with_crafting_table":6,"minecraft:open_barrel":2,"minecraft:bell_ring":6,"minecraft:time_since_death":25317,"minecraft:sleep_in_bed":2,"minecraft:time_since_rest":2400,"minecraft:sprint_one_cm":62573,"minecraft:damage_taken":546,"minecraft:walk_one_cm":123353,"minecraft:drop":9,"minecraft:damage_dealt":2543,"minecraft:swim_one_cm":7453,"minecraft:fly_one_cm":53246,"minecraft:open_chest":5,"minecraft:crouch_one_cm":426,"minecraft:play_time":25317,"minecraft:sneak_time":465,"minecraft:walk_under_water_one_cm":7363,"minecraft:jump":305,"minecraft:walk_on_water_one_cm":5580,"minecraft:total_world_time":25317,"minecraft:interact_with_smoker":6,"minecraft:fall_one_cm":6160,"minecraft:horse_one_cm":31166},"minecraft:killed":{"minecraft:pig":11,"minecraft:sheep":1,"minecraft:skeleton":1,"minecraft:zombie":1,"minecraft:chicken":4},"minecraft:picked_up":{"minecraft:crafting_table":2,"minecraft:feather":6,"minecraft:chicken":4,"minecraft:wooden_pickaxe":1,"minecraft:smoker":3,"minecraft:oak_log":4,"minecraft:dirt":5,"minecraft:red_bed":1,"minecraft:acacia_planks":1,"minecraft:wheat_seeds":6,"minecraft:poppy":3,"minecraft:chest":2,"minecraft:acacia_sapling":1,"minecraft:stick":2,"minecraft:acacia_log":10,"minecraft:porkchop":23,"minecraft:orange_bed":5,"minecraft:arrow":1,"minecraft:rotten_flesh":4,"minecraft:hay_block":21,"minecraft:oak_sapling":4,"minecraft:mutton":1,"minecraft:coal":15,"minecraft:cobblestone":23,"minecraft:white_wool":1},"minecraft:crafted":{"minecraft:oak_planks":16,"minecraft:cooked_porkchop":7,"minecraft:crafting_table":2,"minecraft:furnace":1,"minecraft:stone_axe":1,"minecraft:bread":63,"minecraft:air":0,"minecraft:stick":4,"minecraft:stone_pickaxe":1,"minecraft:stone_sword":1,"minecraft:acacia_planks":4,"minecraft:torch":4,"minecraft:wheat":189},"minecraft:mined":{"minecraft:acacia_leaves":4,"minecraft:glass_pane":1,"minecraft:red_bed":1,"minecraft:smoker":3,"minecraft:crafting_table":1,"minecraft:short_grass":27,"minecraft:acacia_log":10,"minecraft:grass_block":3,"minecraft:poppy":3,"minecraft:chest":2,"minecraft:dead_bush":1,"minecraft:hay_block":21,"minecraft:oak_log":4,"minecraft:coal_ore":15,"minecraft:dirt":2,"minecraft:acacia_planks":1,"minecraft:stone":24,"minecraft:oak_leaves":6,"minecraft:orange_bed":5}},"DataVersion":3955}