{"stats":{"minecraft:used":{"minecraft:short_grass":1,"minecraft:stone_sword":47,"minecraft:acacia_log":1,"minecraft:bread":1,"minecraft:stone_pickaxe":12,"minecraft:oak_planks":1,"minecraft:poppy":1,"minecraft:wooden_pickaxe":7,"minecraft:crafting_table":2,"minecraft:cooked_porkchop":1,"minecraft:smoker":1},"minecraft:dropped":{"minecraft:poppy":2,"minecraft:wheat_seeds":10},"minecraft:custom":{"minecraft:time_since_rest":13317,"minecraft:sprint_one_cm":39403,"minecraft:damage_taken":45,"minecraft:walk_one_cm":81136,"minecraft:mob_kills":12,"minecraft:drop":4,"minecraft:damage_dealt":1080,"minecraft:swim_one_cm":2910,"minecraft:interact_with_crafting_table":4,"minecraft:fly_one_cm":26155,"minecraft:open_chest":4,"minecraft:play_time":13317,"minecraft:sneak_time":2,"minecraft:walk_under_water_one_cm":657,"minecraft:jump":150,"minecraft:walk_on_water_one_cm":460,"minecraft:time_since_death":13317,"minecraft:interact_with_smoker":4,"minecraft:total_world_time":13317,"minecraft:fall_one_cm":1927},"minecraft:picked_up":{"minecraft:stick":2,"minecraft:feather":4,"minecraft:chicken":3,"minecraft:acacia_log":10,"minecraft:wooden_pickaxe":1,"minecraft:smoker":2,"minecraft:porkchop":16,"minecraft:oak_log":4,"minecraft:red_bed":1,"minecraft:orange_bed":2,"minecraft:wheat_seeds":6,"minecraft:hay_block":21,"minecraft:poppy":3,"minecraft:oak_sapling":4,"minecraft:chest":2,"minecraft:mutton":1,"minecraft:acacia_sapling":1,"minecraft:white_wool":1,"minecraft:cobblestone":16},"minecraft:killed":{"minecraft:sheep":1,"minecraft:pig":8,"minecraft:chicken":3},"minecraft:crafted":{"minecraft:oak_planks":16,"minecraft:cooked_porkchop":4,"minecraft:crafting_table":2,"minecraft:stick":4,"minecraft:stone_pickaxe":1,"minecraft:stone_sword":1,"minecraft:furnace":1,"minecraft:air":0,"minecraft:bread":63,"minecraft:wheat":189},"minecraft:mined":{"minecraft:hay_block":21,"minecraft:acacia_leaves":4,"minecraft:red_bed":1,"minecraft:smoker":2,"minecraft:short_grass":21,"minecraft:acacia_log":10,"minecraft:oak_log":4,"minecraft:poppy":3,"minecraft:chest":2,"minecraft:dead_bush":1,"minecraft:stone":17,"minecraft:oak_leaves":5,"minecraft:orange_bed":2}},"DataVersion":3955}