{"stats":{"minecraft:used":{"minecraft:stone_sword":144,"minecraft:acacia_log":26,"minecraft:iron_shovel":1604,"minecraft:poppy":1,"minecraft:chest":13,"minecraft:shield":14,"minecraft:iron_sword":205,"minecraft:cooked_chicken":14,"minecraft:stone_hoe":20,"minecraft:rotten_flesh":6,"minecraft:orange_bed":6,"minecraft:torch":430,"minecraft:dirt":219,"minecraft:acacia_sapling":43,"minecraft:granite":25,"minecraft:shroomlight":9,"minecraft:chipped_anvil":1,"minecraft:iron_axe":730,"minecraft:acacia_slab":264,"minecraft:furnace":11,"minecraft:acacia_fence":73,"minecraft:egg":72,"minecraft:cooked_beef":8,"minecraft:acacia_planks":1713,"minecraft:cobbled_deepslate":25,"minecraft:short_grass":1,"minecraft:wheat_seeds":83,"minecraft:cooked_mutton":1,"minecraft:water_bucket":70,"minecraft:diorite":5,"minecraft:stone_pickaxe":534,"minecraft:oak_planks":1,"minecraft:wooden_pickaxe":7,"minecraft:sandstone":3,"minecraft:stonecutter":1,"minecraft:white_wool":1,"minecraft:crafting_table":17,"minecraft:red_bed":1,"minecraft:blast_furnace":5,"minecraft:white_bed":4,"minecraft:smoker":8,"minecraft:wooden_hoe":14,"minecraft:acacia_stairs":303,"minecraft:apple":2,"minecraft:acacia_door":8,"minecraft:cyan_bed":4,"minecraft:bread":60,"minecraft:melon_slice":4,"minecraft:iron_pickaxe":1258,"minecraft:stone_axe":133,"minecraft:acacia_fence_gate":2,"minecraft:crimson_fungus":1,"minecraft:cobblestone":76,"minecraft:acacia_pressure_plate":2,"minecraft:white_banner":1,"minecraft:cooked_porkchop":15,"minecraft:bucket":71,"minecraft:andesite":43,"minecraft:glass_pane":193,"minecraft:smooth_stone_slab":285,"minecraft:oak_boat":5,"minecraft:kelp":59,"minecraft:bone_meal":42},"minecraft:custom":{"minecraft:mob_kills":83,"minecraft:animals_bred":62,"minecraft:interact_with_crafting_table":151,"minecraft:open_barrel":2,"minecraft:bell_ring":9,"minecraft:leave_game":8,"minecraft:time_since_death":483515,"minecraft:climb_one_cm":439,"minecraft:sprint_one_cm":1252538,"minecraft:walk_one_cm":2071672,"minecraft:damage_blocked_by_shield":423,"minecraft:drop":85,"minecraft:play_time":528041,"minecraft:deaths":1,"minecraft:sneak_time":25008,"minecraft:walk_under_water_one_cm":134198,"minecraft:boat_one_cm":870551,"minecraft:jump":6663,"minecraft:interact_with_blast_furnace":28,"minecraft:walk_on_water_one_cm":87653,"minecraft:total_world_time":528041,"minecraft:interact_with_furnace":269,"minecraft:interact_with_stonecutter":1,"minecraft:sleep_in_bed":29,"minecraft:time_since_rest":8100,"minecraft:damage_taken":4851,"minecraft:damage_dealt":14282,"minecraft:swim_one_cm":184840,"minecraft:fly_one_cm":1054255,"minecraft:open_chest":345,"minecraft:crouch_one_cm":108733,"minecraft:interact_with_smoker":179,"minecraft:fall_one_cm":162328,"minecraft:horse_one_cm":370344},"minecraft:picked_up":{"minecraft:crafting_table":13,"minecraft:wheat":69,"minecraft:azure_bluet":2,"minecraft:ominous_bottle":1,"minecraft:chicken":18,"minecraft:chest_minecart":2,"minecraft:wooden_pickaxe":2,"minecraft:gold_block":1,"minecraft:stone_brick_stairs":1,"minecraft:cornflower":1,"minecraft:red_bed":2,"minecraft:string":3,"minecraft:smooth_stone_slab":9,"minecraft:shroomlight":10,"minecraft:smooth_stone":19,"minecraft:cobbled_deepslate":268,"minecraft:beef":1,"minecraft:acacia_fence_gate":1,"minecraft:oak_boat":5,"minecraft:poppy":8,"minecraft:iron_pickaxe":2,"minecraft:melon_slice":4,"minecraft:chest":7,"minecraft:egg":71,"minecraft:furnace":10,"minecraft:sandstone":3,"minecraft:stick":19,"minecraft:raw_iron":155,"minecraft:stone":55,"minecraft:acacia_fence":10,"minecraft:torch":77,"minecraft:acacia_log":447,"minecraft:porkchop":35,"minecraft:dried_kelp":63,"minecraft:diorite":30,"minecraft:stone_pressure_plate":1,"minecraft:orange_bed":6,"minecraft:weeping_vines":2,"minecraft:stone_sword":1,"minecraft:arrow":28,"minecraft:rotten_flesh":49,"minecraft:beetroot_seeds":3,"minecraft:hay_block":21,"minecraft:glow_berries":8,"minecraft:mutton":2,"minecraft:rail":65,"minecraft:white_wool":1,"minecraft:cobblestone":1389,"minecraft:oxeye_daisy":6,"minecraft:feather":28,"minecraft:cooked_beef":7,"minecraft:glow_ink_sac":9,"minecraft:water_bucket":1,"minecraft:andesite":54,"minecraft:smoker":11,"minecraft:filled_map":3,"minecraft:flint":9,"minecraft:crimson_fungus":1,"minecraft:tuff":2,"minecraft:oak_log":8,"minecraft:nether_wart_block":5,"minecraft:gunpowder":8,"minecraft:lapis_lazuli":105,"minecraft:dirt":2449,"minecraft:white_banner":1,"minecraft:bone":16,"minecraft:chipped_anvil":1,"minecraft:acacia_planks":650,"minecraft:apple":2,"minecraft:bow":1,"minecraft:kelp":952,"minecraft:stonecutter":3,"minecraft:wheat_seeds":238,"minecraft:raw_gold":4,"minecraft:iron_ingot":117,"minecraft:stone_pickaxe":4,"minecraft:tall_grass":2,"minecraft:bamboo":279,"minecraft:acacia_sapling":44,"minecraft:stone_hoe":1,"minecraft:cooked_porkchop":18,"minecraft:quartz":50,"minecraft:dandelion":15,"minecraft:gravel":60,"minecraft:sand":338,"minecraft:blast_furnace":3,"minecraft:white_bed":5,"minecraft:cyan_bed":4,"minecraft:acacia_stairs":62,"minecraft:spider_eye":1,"minecraft:dried_kelp_block":14,"minecraft:diamond":36,"minecraft:stone_axe":1,"minecraft:terracotta":1,"minecraft:granite":60,"minecraft:emerald":12,"minecraft:bread":62,"minecraft:netherrack":10,"minecraft:oak_sapling":4,"minecraft:acacia_slab":128,"minecraft:melon_seeds":5,"minecraft:coal":330},"minecraft:killed_by":{"minecraft:skeleton":1},"minecraft:broken":{"minecraft:iron_shovel":6,"minecraft:stone_pickaxe":4,"minecraft:iron_axe":1,"minecraft:stone_axe":1,"minecraft:iron_pickaxe":4},"minecraft:crafted":{"minecraft:oak_planks":32,"minecraft:smooth_stone":141,"minecraft:smooth_stone_slab":282,"minecraft:acacia_pressure_plate":2,"minecraft:cooked_chicken":14,"minecraft:furnace":3,"minecraft:acacia_fence_gate":1,"minecraft:blast_furnace":2,"minecraft:stone":151,"minecraft:bone_meal":42,"minecraft:cooked_mutton":1,"minecraft:glass_pane":208,"minecraft:glass":80,"minecraft:iron_boots":1,"minecraft:iron_axe":7,"minecraft:stone_pickaxe":4,"minecraft:chest":8,"minecraft:acacia_fence":63,"minecraft:dried_kelp_block":72,"minecraft:stone_hoe":1,"minecraft:wheat":189,"minecraft:cooked_beef":1,"minecraft:cooked_porkchop":17,"minecraft:crafting_table":5,"minecraft:acacia_slab":252,"minecraft:dried_kelp":682,"minecraft:iron_helmet":1,"minecraft:iron_sword":1,"minecraft:bucket":1,"minecraft:acacia_stairs":244,"minecraft:stone_axe":1,"minecraft:bread":78,"minecraft:air":0,"minecraft:oak_boat":1,"minecraft:iron_chestplate":1,"minecraft:wooden_hoe":1,"minecraft:shield":1,"minecraft:stick":212,"minecraft:iron_ingot":160,"minecraft:iron_pickaxe":7,"minecraft:stone_sword":1,"minecraft:iron_shovel":9,"minecraft:acacia_door":9,"minecraft:iron_leggings":1,"minecraft:acacia_planks":1576,"minecraft:torch":440},"minecraft:dropped":{"minecraft:water_bucket":1,"minecraft:iron_ingot":3,"minecraft:bread":49,"minecraft:wheat_seeds":34,"minecraft:lapis_lazuli":35,"minecraft:glow_ink_sac":3,"minecraft:cooked_porkchop":9,"minecraft:cobblestone":141,"minecraft:granite":11,"minecraft:coal":2,"minecraft:flint":1,"minecraft:emerald":4,"minecraft:oxeye_daisy":6,"minecraft:dirt":453,"minecraft:red_bed":1,"minecraft:cornflower":1,"minecraft:iron_axe":2,"minecraft:iron_pickaxe":2,"minecraft:acacia_door":1,"minecraft:paper":5,"minecraft:acacia_planks":78,"minecraft:dandelion":15,"minecraft:gravel":21,"minecraft:cobbled_deepslate":61,"minecraft:wheat":2,"minecraft:obsidian":1,"minecraft:tall_grass":2,"minecraft:rotten_flesh":14,"minecraft:azure_bluet":2,"minecraft:acacia_stairs":1,"minecraft:filled_map":2,"minecraft:poppy":6,"minecraft:andesite":10,"minecraft:melon_seeds":5,"minecraft:arrow":9,"minecraft:raw_gold":1,"minecraft:stone_brick_stairs":1,"minecraft:netherrack":2,"minecraft:terracotta":1},"minecraft:killed":{"minecraft:spider":5,"minecraft:skeleton":11,"minecraft:chicken":13,"minecraft:pig":12,"minecraft:iron_golem":1,"minecraft:hoglin":1,"minecraft:creeper":2,"minecraft:sheep":1,"minecraft:pillager":2,"minecraft:zombie":31},"minecraft:mined":{"minecraft:tuff":2,"minecraft:attached_melon_stem":1,"minecraft:white_bed":4,"minecraft:deepslate_diamond_ore":15,"minecraft:glow_lichen":1,"minecraft:granite":25,"minecraft:acacia_log":295,"minecraft:grass_block":703,"minecraft:acacia_slab":132,"minecraft:crimson_fungus":1,"minecraft:kelp":247,"minecraft:weeping_vines_plant":2,"minecraft:hay_block":21,"minecraft:tall_seagrass":1,"minecraft:furnace":9,"minecraft:iron_ore":132,"minecraft:acacia_stairs":61,"minecraft:andesite":52,"minecraft:gold_block":4,"minecraft:shroomlight":10,"minecraft:deepslate_iron_ore":25,"minecraft:rail":57,"minecraft:bamboo":8,"minecraft:stone":948,"minecraft:orange_bed":6,"minecraft:cut_sandstone":5,"minecraft:acacia_leaves":43,"minecraft:glass_pane":2,"minecraft:red_bed":1,"minecraft:crimson_nylium":1,"minecraft:kelp_plant":218,"minecraft:melon_stem":3,"minecraft:smoker":10,"minecraft:crafting_table":11,"minecraft:torch":27,"minecraft:short_grass":235,"minecraft:blast_furnace":3,"minecraft:poppy":3,"minecraft:melon":1,"minecraft:nether_quartz_ore":50,"minecraft:chest":5,"minecraft:dead_bush":1,"minecraft:cobblestone":1,"minecraft:tall_grass":36,"minecraft:cyan_bed":4,"minecraft:deepslate_gold_ore":1,"minecraft:lapis_ore":5,"minecraft:sugar_cane":1,"minecraft:diorite":27,"minecraft:wall_torch":15,"minecraft:nether_wart_block":4,"minecraft:acacia_fence_gate":1,"minecraft:wheat":65,"minecraft:birch_leaves":1,"minecraft:tnt":1,"minecraft:stone_brick_stairs":1,"minecraft:smooth_stone_slab":4,"minecraft:oak_log":8,"minecraft:coal_ore":274,"minecraft:acacia_fence":10,"minecraft:sand":343,"minecraft:gravel":54,"minecraft:dirt":601,"minecraft:terracotta":1,"minecraft:acacia_planks":303,"minecraft:stonecutter":2,"minecraft:netherrack":7,"minecraft:chipped_anvil":1,"minecraft:oak_leaves":17,"minecraft:deepslate":77}},"DataVersion":3955}