{"stats":{"minecraft:crafted":{"minecraft:oak_planks":32,"minecraft:smooth_stone":27,"minecraft:smooth_stone_slab":48,"minecraft:cooked_chicken":4,"minecraft:furnace":1,"minecraft:acacia_fence_gate":1,"minecraft:blast_furnace":1,"minecraft:stone":52,"minecraft:cooked_mutton":1,"minecraft:iron_boots":1,"minecraft:iron_axe":1,"minecraft:stone_pickaxe":3,"minecraft:chest":1,"minecraft:acacia_fence":9,"minecraft:dried_kelp_block":6,"minecraft:wheat":189,"minecraft:cooked_beef":1,"minecraft:cooked_porkchop":16,"minecraft:crafting_table":2,"minecraft:dried_kelp":56,"minecraft:iron_helmet":1,"minecraft:iron_sword":1,"minecraft:bucket":1,"minecraft:acacia_stairs":56,"minecraft:stone_axe":1,"minecraft:bread":63,"minecraft:air":0,"minecraft:oak_boat":1,"minecraft:iron_chestplate":1,"minecraft:stick":60,"minecraft:iron_ingot":67,"minecraft:iron_pickaxe":3,"minecraft:stone_sword":1,"minecraft:iron_shovel":2,"minecraft:iron_leggings":1,"minecraft:acacia_planks":628,"minecraft:torch":108},"minecraft:used":{"minecraft:stone_sword":144,"minecraft:iron_shovel":430,"minecraft:acacia_log":3,"minecraft:poppy":1,"minecraft:chest":3,"minecraft:cooked_chicken":3,"minecraft:orange_bed":6,"minecraft:torch":92,"minecraft:dirt":38,"minecraft:acacia_sapling":11,"minecraft:granite":25,"minecraft:iron_axe":135,"minecraft:furnace":4,"minecraft:acacia_fence":9,"minecraft:cooked_beef":1,"minecraft:acacia_planks":326,"minecraft:short_grass":1,"minecraft:cooked_mutton":1,"minecraft:diorite":4,"minecraft:stone_pickaxe":400,"minecraft:oak_planks":1,"minecraft:wooden_pickaxe":7,"minecraft:stonecutter":1,"minecraft:white_wool":1,"minecraft:crafting_table":7,"minecraft:red_bed":1,"minecraft:blast_furnace":1,"minecraft:white_bed":2,"minecraft:smoker":4,"minecraft:acacia_stairs":80,"minecraft:apple":2,"minecraft:bread":15,"minecraft:iron_pickaxe":140,"minecraft:acacia_fence_gate":1,"minecraft:stone_axe":133,"minecraft:cobblestone":68,"minecraft:cooked_porkchop":7,"minecraft:andesite":9,"minecraft:smooth_stone_slab":48,"minecraft:oak_boat":2,"minecraft:kelp":6},"minecraft:custom":{"minecraft:mob_kills":27,"minecraft:interact_with_crafting_table":46,"minecraft:open_barrel":2,"minecraft:bell_ring":9,"minecraft:leave_game":4,"minecraft:time_since_death":107893,"minecraft:climb_one_cm":319,"minecraft:sprint_one_cm":229627,"minecraft:walk_one_cm":626594,"minecraft:drop":24,"minecraft:play_time":152419,"minecraft:deaths":1,"minecraft:sneak_time":5744,"minecraft:walk_under_water_one_cm":25172,"minecraft:boat_one_cm":173350,"minecraft:jump":1703,"minecraft:interact_with_blast_furnace":1,"minecraft:walk_on_water_one_cm":18090,"minecraft:total_world_time":152419,"minecraft:interact_with_furnace":128,"minecraft:interact_with_stonecutter":1,"minecraft:sleep_in_bed":9,"minecraft:time_since_rest":0,"minecraft:damage_taken":1848,"minecraft:damage_dealt":4863,"minecraft:swim_one_cm":27351,"minecraft:fly_one_cm":179466,"minecraft:open_chest":64,"minecraft:crouch_one_cm":15463,"minecraft:interact_with_smoker":49,"minecraft:fall_one_cm":30900,"minecraft:horse_one_cm":259626},"minecraft:broken":{"minecraft:iron_shovel":1,"minecraft:stone_pickaxe":3,"minecraft:stone_axe":1},"minecraft:dropped":{"minecraft:bread":48,"minecraft:wheat_seeds":10,"minecraft:cooked_porkchop":8,"minecraft:cobblestone":64,"minecraft:coal":2,"minecraft:red_bed":1,"minecraft:paper":5,"minecraft:gravel":21,"minecraft:tall_grass":2,"minecraft:rotten_flesh":8,"minecraft:acacia_stairs":1,"minecraft:poppy":2,"minecraft:andesite":6},"minecraft:killed_by":{"minecraft:skeleton":1},"minecraft:killed":{"minecraft:spider":1,"minecraft:skeleton":3,"minecraft:chicken":4,"minecraft:pig":12,"minecraft:iron_golem":1,"minecraft:sheep":1,"minecraft:zombie":4},"minecraft:picked_up":{"minecraft:crafting_table":6,"minecraft:chicken":8,"minecraft:wooden_pickaxe":2,"minecraft:red_bed":2,"minecraft:cobbled_deepslate":121,"minecraft:smooth_stone":3,"minecraft:beef":1,"minecraft:oak_boat":2,"minecraft:poppy":4,"minecraft:iron_pickaxe":1,"minecraft:chest":4,"minecraft:furnace":6,"minecraft:egg":1,"minecraft:stick":7,"minecraft:raw_iron":63,"minecraft:stone":9,"minecraft:torch":17,"minecraft:acacia_log":230,"minecraft:porkchop":31,"minecraft:diorite":19,"minecraft:orange_bed":6,"minecraft:stone_sword":1,"minecraft:arrow":2,"minecraft:rotten_flesh":8,"minecraft:hay_block":21,"minecraft:mutton":2,"minecraft:cobblestone":396,"minecraft:white_wool":1,"minecraft:feather":12,"minecraft:glow_ink_sac":3,"minecraft:andesite":16,"minecraft:smoker":7,"minecraft:flint":1,"minecraft:tuff":2,"minecraft:oak_log":8,"minecraft:lapis_lazuli":35,"minecraft:dirt":422,"minecraft:bone":2,"minecraft:acacia_planks":133,"minecraft:apple":2,"minecraft:kelp":69,"minecraft:stonecutter":2,"minecraft:wheat_seeds":12,"minecraft:raw_gold":2,"minecraft:stone_pickaxe":2,"minecraft:iron_ingot":9,"minecraft:tall_grass":2,"minecraft:bamboo":93,"minecraft:acacia_sapling":22,"minecraft:cooked_porkchop":18,"minecraft:gravel":21,"minecraft:white_bed":2,"minecraft:acacia_stairs":51,"minecraft:diamond":6,"minecraft:stone_axe":1,"minecraft:granite":38,"minecraft:emerald":4,"minecraft:bread":30,"minecraft:oak_sapling":4,"minecraft:coal":82},"minecraft:mined":{"minecraft:tuff":2,"minecraft:white_bed":2,"minecraft:deepslate_diamond_ore":3,"minecraft:glow_lichen":1,"minecraft:granite":25,"minecraft:acacia_log":75,"minecraft:grass_block":321,"minecraft:kelp":3,"minecraft:hay_block":21,"minecraft:tall_seagrass":1,"minecraft:furnace":6,"minecraft:iron_ore":56,"minecraft:acacia_stairs":50,"minecraft:andesite":15,"minecraft:deepslate_iron_ore":8,"minecraft:bamboo":8,"minecraft:stone":230,"minecraft:orange_bed":6,"minecraft:acacia_leaves":10,"minecraft:glass_pane":1,"minecraft:red_bed":1,"minecraft:kelp_plant":11,"minecraft:smoker":6,"minecraft:crafting_table":5,"minecraft:torch":7,"minecraft:short_grass":70,"minecraft:poppy":3,"minecraft:chest":2,"minecraft:dead_bush":1,"minecraft:tall_grass":4,"minecraft:lapis_ore":5,"minecraft:deepslate_gold_ore":1,"minecraft:sugar_cane":1,"minecraft:diorite":16,"minecraft:wall_torch":4,"minecraft:oak_log":8,"minecraft:coal_ore":84,"minecraft:gravel":7,"minecraft:dirt":99,"minecraft:acacia_planks":126,"minecraft:stonecutter":2,"minecraft:oak_leaves":10,"minecraft:deepslate":63}},"DataVersion":3955}