{"stats":{"minecraft:used":{"minecraft:iron_shovel":1741,"minecraft:poppy":1,"minecraft:chest":13,"minecraft:shield":29,"minecraft:iron_sword":392,"minecraft:rotten_flesh":6,"minecraft:acacia_sapling":43,"minecraft:furnace":11,"minecraft:acacia_fence":73,"minecraft:egg":164,"minecraft:short_grass":1,"minecraft:diorite":5,"minecraft:powered_rail":40,"minecraft:stone_pickaxe":595,"minecraft:oak_planks":1,"minecraft:wooden_pickaxe":7,"minecraft:sandstone":3,"minecraft:white_wool":1,"minecraft:blast_furnace":5,"minecraft:redstone_torch":22,"minecraft:acacia_door":8,"minecraft:melon_slice":4,"minecraft:cyan_bed":4,"minecraft:bread":82,"minecraft:andesite":43,"minecraft:smooth_stone_slab":285,"minecraft:oak_boat":5,"minecraft:bone_meal":42,"minecraft:stone_sword":144,"minecraft:acacia_log":26,"minecraft:stone_hoe":20,"minecraft:cooked_chicken":25,"minecraft:netherrack":1,"minecraft:orange_bed":6,"minecraft:torch":643,"minecraft:dirt":324,"minecraft:spyglass":3,"minecraft:granite":25,"minecraft:shroomlight":9,"minecraft:chipped_anvil":1,"minecraft:iron_axe":742,"minecraft:acacia_slab":264,"minecraft:minecart":1,"minecraft:cobbled_deepslate":25,"minecraft:cooked_beef":8,"minecraft:acacia_planks":1718,"minecraft:wheat_seeds":143,"minecraft:cooked_mutton":1,"minecraft:water_bucket":73,"minecraft:lead":2,"minecraft:stonecutter":1,"minecraft:rail":81,"minecraft:crafting_table":17,"minecraft:red_bed":1,"minecraft:white_bed":4,"minecraft:smoker":8,"minecraft:wooden_hoe":14,"minecraft:acacia_stairs":303,"minecraft:apple":2,"minecraft:acacia_sign":4,"minecraft:iron_pickaxe":2145,"minecraft:acacia_fence_gate":2,"minecraft:stone_axe":133,"minecraft:crimson_fungus":1,"minecraft:cobblestone":266,"minecraft:acacia_pressure_plate":8,"minecraft:white_banner":1,"minecraft:cooked_porkchop":15,"minecraft:bucket":75,"minecraft:glass_pane":193,"minecraft:kelp":59},"minecraft:custom":{"minecraft:animals_bred":98,"minecraft:interact_with_crafting_table":185,"minecraft:open_barrel":2,"minecraft:bell_ring":9,"minecraft:leave_game":16,"minecraft:time_since_death":628537,"minecraft:sprint_one_cm":1576173,"minecraft:damage_blocked_by_shield":851,"minecraft:drop":115,"minecraft:talked_to_villager":3,"minecraft:play_time":673063,"minecraft:deaths":1,"minecraft:jump":8837,"minecraft:walk_on_water_one_cm":103124,"minecraft:interact_with_furnace":269,"minecraft:sleep_in_bed":37,"minecraft:damage_dealt":23058,"minecraft:crouch_one_cm":114818,"minecraft:interact_with_smoker":263,"minecraft:horse_one_cm":553535,"minecraft:mob_kills":168,"minecraft:interact_with_anvil":1,"minecraft:climb_one_cm":439,"minecraft:walk_one_cm":2654952,"minecraft:sneak_time":27628,"minecraft:walk_under_water_one_cm":151569,"minecraft:boat_one_cm":870551,"minecraft:interact_with_blast_furnace":38,"minecraft:total_world_time":673063,"minecraft:interact_with_stonecutter":1,"minecraft:time_since_rest":37,"minecraft:damage_taken":5996,"minecraft:minecart_one_cm":50722,"minecraft:swim_one_cm":215502,"minecraft:fly_one_cm":1395507,"minecraft:open_chest":479,"minecraft:fall_one_cm":204804},"minecraft:picked_up":{"minecraft:wheat":120,"minecraft:lead":4,"minecraft:stone_brick_stairs":1,"minecraft:string":4,"minecraft:raw_copper":23,"minecraft:smooth_stone_slab":9,"minecraft:shroomlight":10,"minecraft:cobbled_deepslate":274,"minecraft:smooth_stone":19,"minecraft:acacia_sign":2,"minecraft:acacia_fence_gate":1,"minecraft:redstone_torch":1,"minecraft:calcite":2,"minecraft:iron_pickaxe":2,"minecraft:melon_slice":4,"minecraft:furnace":10,"minecraft:stick":19,"minecraft:acacia_fence":10,"minecraft:torch":93,"minecraft:acacia_log":447,"minecraft:porkchop":35,"minecraft:dried_kelp":63,"minecraft:pointed_dripstone":1,"minecraft:diorite":56,"minecraft:orange_bed":6,"minecraft:stone_sword":1,"minecraft:rotten_flesh":68,"minecraft:cobblestone":2040,"minecraft:cooked_beef":7,"minecraft:feather":66,"minecraft:water_bucket":1,"minecraft:andesite":54,"minecraft:smoker":11,"minecraft:flint":17,"minecraft:tuff":3,"minecraft:lapis_lazuli":105,"minecraft:dirt":2572,"minecraft:bone":52,"minecraft:chipped_anvil":1,"minecraft:acacia_planks":663,"minecraft:bow":1,"minecraft:stonecutter":3,"minecraft:wheat_seeds":384,"minecraft:raw_gold":4,"minecraft:bamboo":279,"minecraft:powered_rail":19,"minecraft:stone_hoe":1,"minecraft:cooked_porkchop":18,"minecraft:sand":338,"minecraft:acacia_stairs":62,"minecraft:cyan_bed":4,"minecraft:diamond":63,"minecraft:granite":62,"minecraft:emerald":12,"minecraft:bread":65,"minecraft:oak_sapling":4,"minecraft:netherrack":11,"minecraft:crafting_table":13,"minecraft:azure_bluet":2,"minecraft:ominous_bottle":1,"minecraft:chicken":63,"minecraft:chest_minecart":2,"minecraft:wooden_pickaxe":2,"minecraft:gold_block":1,"minecraft:cornflower":1,"minecraft:red_bed":2,"minecraft:beef":1,"minecraft:oak_boat":5,"minecraft:poppy":8,"minecraft:chest":7,"minecraft:egg":173,"minecraft:raw_iron":244,"minecraft:sandstone":3,"minecraft:stone":55,"minecraft:redstone":44,"minecraft:stone_pressure_plate":1,"minecraft:weeping_vines":2,"minecraft:arrow":41,"minecraft:beetroot_seeds":3,"minecraft:hay_block":21,"minecraft:glow_berries":8,"minecraft:mutton":5,"minecraft:white_wool":3,"minecraft:rail":80,"minecraft:oxeye_daisy":6,"minecraft:glow_ink_sac":9,"minecraft:filled_map":3,"minecraft:crimson_fungus":1,"minecraft:oak_log":8,"minecraft:nether_wart_block":5,"minecraft:gunpowder":10,"minecraft:white_banner":1,"minecraft:apple":2,"minecraft:kelp":1406,"minecraft:stone_pickaxe":4,"minecraft:iron_ingot":117,"minecraft:cooked_chicken":4,"minecraft:tall_grass":2,"minecraft:acacia_sapling":44,"minecraft:spyglass":1,"minecraft:quartz":50,"minecraft:dandelion":15,"minecraft:gravel":93,"minecraft:blast_furnace":3,"minecraft:white_bed":5,"minecraft:spider_eye":4,"minecraft:dried_kelp_block":14,"minecraft:stone_axe":1,"minecraft:terracotta":1,"minecraft:acacia_slab":128,"minecraft:melon_seeds":5,"minecraft:coal":423},"minecraft:killed_by":{"minecraft:skeleton":1},"minecraft:broken":{"minecraft:iron_shovel":6,"minecraft:stone_pickaxe":5,"minecraft:stone_axe":1,"minecraft:iron_sword":1,"minecraft:iron_axe":1,"minecraft:iron_pickaxe":8},"minecraft:dropped":{"minecraft:lapis_lazuli":35,"minecraft:glow_ink_sac":3,"minecraft:cooked_porkchop":9,"minecraft:emerald":4,"minecraft:flint":1,"minecraft:dirt":453,"minecraft:red_bed":1,"minecraft:cornflower":1,"minecraft:iron_pickaxe":2,"minecraft:acacia_door":1,"minecraft:bone":25,"minecraft:gravel":21,"minecraft:cooked_chicken":17,"minecraft:cobbled_deepslate":61,"minecraft:wheat":2,"minecraft:obsidian":1,"minecraft:rotten_flesh":18,"minecraft:azure_bluet":2,"minecraft:acacia_stairs":1,"minecraft:poppy":6,"minecraft:melon_seeds":5,"minecraft:arrow":9,"minecraft:stone_brick_stairs":1,"minecraft:netherrack":2,"minecraft:water_bucket":1,"minecraft:iron_ingot":3,"minecraft:bread":54,"minecraft:wheat_seeds":36,"minecraft:cobblestone":141,"minecraft:granite":11,"minecraft:coal":2,"minecraft:oxeye_daisy":6,"minecraft:iron_axe":2,"minecraft:paper":5,"minecraft:acacia_planks":78,"minecraft:dandelion":15,"minecraft:tall_grass":2,"minecraft:filled_map":2,"minecraft:andesite":10,"minecraft:raw_gold":1,"minecraft:calcite":1,"minecraft:terracotta":1},"minecraft:crafted":{"minecraft:smooth_stone":141,"minecraft:oak_planks":32,"minecraft:acacia_pressure_plate":8,"minecraft:cooked_chicken":54,"minecraft:stone":151,"minecraft:cooked_mutton":1,"minecraft:glass":80,"minecraft:diamond_helmet":1,"minecraft:diamond_leggings":1,"minecraft:iron_boots":2,"minecraft:chest":8,"minecraft:acacia_fence":63,"minecraft:dried_kelp_block":130,"minecraft:stone_hoe":1,"minecraft:cooked_porkchop":17,"minecraft:crafting_table":5,"minecraft:acacia_slab":252,"minecraft:iron_helmet":2,"minecraft:wooden_hoe":1,"minecraft:iron_chestplate":2,"minecraft:shield":1,"minecraft:stick":268,"minecraft:iron_ingot":240,"minecraft:iron_pickaxe":11,"minecraft:stone_sword":1,"minecraft:acacia_door":9,"minecraft:gold_ingot":27,"minecraft:redstone_torch":21,"minecraft:redstone":9,"minecraft:smooth_stone_slab":282,"minecraft:furnace":3,"minecraft:acacia_fence_gate":1,"minecraft:blast_furnace":2,"minecraft:bone_meal":42,"minecraft:white_carpet":3,"minecraft:glass_pane":208,"minecraft:iron_axe":7,"minecraft:stone_pickaxe":4,"minecraft:diamond_boots":1,"minecraft:minecart":1,"minecraft:wheat":189,"minecraft:cooked_beef":1,"minecraft:dried_kelp":1158,"minecraft:powered_rail":24,"minecraft:iron_sword":2,"minecraft:bucket":1,"minecraft:acacia_stairs":244,"minecraft:stone_axe":1,"minecraft:bread":96,"minecraft:air":0,"minecraft:oak_boat":1,"minecraft:acacia_sign":3,"minecraft:iron_shovel":9,"minecraft:iron_leggings":1,"minecraft:acacia_planks":1576,"minecraft:torch":556,"minecraft:diamond_chestplate":1},"minecraft:killed":{"minecraft:spider":9,"minecraft:skeleton":21,"minecraft:chicken":59,"minecraft:pig":12,"minecraft:zombie_villager":1,"minecraft:iron_golem":1,"minecraft:creeper":3,"minecraft:sheep":3,"minecraft:pillager":2,"minecraft:zombie":50,"minecraft:wandering_trader":1,"minecraft:hoglin":1},"minecraft:mined":{"minecraft:white_bed":4,"minecraft:attached_melon_stem":1,"minecraft:granite":27,"minecraft:acacia_log":295,"minecraft:grass_block":728,"minecraft:crimson_fungus":1,"minecraft:spawner":1,"minecraft:tall_seagrass":1,"minecraft:weeping_vines_plant":2,"minecraft:iron_ore":199,"minecraft:pointed_dripstone":1,"minecraft:orange_bed":6,"minecraft:deepslate_redstone_ore":10,"minecraft:cut_sandstone":5,"minecraft:red_bed":1,"minecraft:smoker":10,"minecraft:crimson_nylium":1,"minecraft:kelp_plant":322,"minecraft:melon_stem":3,"minecraft:torch":30,"minecraft:blast_furnace":3,"minecraft:calcite":1,"minecraft:poppy":3,"minecraft:melon":1,"minecraft:chest":5,"minecraft:dead_bush":1,"minecraft:nether_quartz_ore":50,"minecraft:cobblestone":2,"minecraft:cyan_bed":4,"minecraft:sugar_cane":1,"minecraft:wall_torch":28,"minecraft:powered_rail":19,"minecraft:nether_wart_block":4,"minecraft:wheat":114,"minecraft:tnt":1,"minecraft:stone_brick_stairs":1,"minecraft:smooth_stone_slab":4,"minecraft:oak_log":8,"minecraft:acacia_fence":10,"minecraft:sand":343,"minecraft:dirt":682,"minecraft:stonecutter":2,"minecraft:netherrack":7,"minecraft:oak_leaves":17,"minecraft:deepslate":82,"minecraft:diamond_ore":1,"minecraft:tuff":2,"minecraft:deepslate_diamond_ore":37,"minecraft:glow_lichen":1,"minecraft:acacia_slab":132,"minecraft:kelp":302,"minecraft:hay_block":21,"minecraft:furnace":9,"minecraft:acacia_stairs":61,"minecraft:andesite":52,"minecraft:gold_block":4,"minecraft:shroomlight":10,"minecraft:deepslate_iron_ore":48,"minecraft:rail":72,"minecraft:bamboo":8,"minecraft:stone":1603,"minecraft:acacia_leaves":43,"minecraft:glass_pane":2,"minecraft:crafting_table":11,"minecraft:short_grass":255,"minecraft:tall_grass":36,"minecraft:lapis_ore":5,"minecraft:deepslate_gold_ore":1,"minecraft:diorite":53,"minecraft:acacia_fence_gate":1,"minecraft:redstone_torch":1,"minecraft:birch_leaves":1,"minecraft:coal_ore":368,"minecraft:gravel":90,"minecraft:terracotta":1,"minecraft:acacia_planks":315,"minecraft:chipped_anvil":1,"minecraft:acacia_wall_sign":2}},"DataVersion":3955}