{"stats":{"minecraft:crafted":{"minecraft:oak_planks":32,"minecraft:smooth_stone":71,"minecraft:smooth_stone_slab":144,"minecraft:cooked_chicken":4,"minecraft:furnace":3,"minecraft:acacia_fence_gate":1,"minecraft:blast_furnace":2,"minecraft:stone":104,"minecraft:bone_meal":39,"minecraft:cooked_mutton":1,"minecraft:iron_boots":1,"minecraft:iron_axe":5,"minecraft:stone_pickaxe":4,"minecraft:chest":5,"minecraft:acacia_fence":51,"minecraft:dried_kelp_block":32,"minecraft:stone_hoe":1,"minecraft:wheat":189,"minecraft:cooked_beef":1,"minecraft:cooked_porkchop":16,"minecraft:crafting_table":3,"minecraft:dried_kelp":309,"minecraft:iron_helmet":1,"minecraft:iron_sword":1,"minecraft:bucket":1,"minecraft:acacia_stairs":116,"minecraft:stone_axe":1,"minecraft:bread":69,"minecraft:air":0,"minecraft:oak_boat":1,"minecraft:iron_chestplate":1,"minecraft:shield":1,"minecraft:stick":148,"minecraft:iron_ingot":160,"minecraft:iron_pickaxe":4,"minecraft:stone_sword":1,"minecraft:iron_shovel":5,"minecraft:iron_leggings":1,"minecraft:acacia_planks":1148,"minecraft:torch":312},"minecraft:used":{"minecraft:stone_sword":144,"minecraft:iron_shovel":1174,"minecraft:acacia_log":6,"minecraft:poppy":1,"minecraft:shield":10,"minecraft:chest":9,"minecraft:iron_sword":177,"minecraft:stone_hoe":20,"minecraft:cooked_chicken":4,"minecraft:rotten_flesh":6,"minecraft:orange_bed":6,"minecraft:torch":356,"minecraft:dirt":215,"minecraft:acacia_sapling":27,"minecraft:granite":25,"minecraft:iron_axe":266,"minecraft:furnace":9,"minecraft:acacia_fence":49,"minecraft:egg":2,"minecraft:cooked_beef":5,"minecraft:cobbled_deepslate":25,"minecraft:acacia_planks":1644,"minecraft:wheat_seeds":48,"minecraft:short_grass":1,"minecraft:cooked_mutton":1,"minecraft:water_bucket":56,"minecraft:diorite":5,"minecraft:stone_pickaxe":462,"minecraft:oak_planks":1,"minecraft:wooden_pickaxe":7,"minecraft:stonecutter":1,"minecraft:white_wool":1,"minecraft:crafting_table":13,"minecraft:red_bed":1,"minecraft:blast_furnace":3,"minecraft:white_bed":3,"minecraft:smoker":6,"minecraft:acacia_stairs":171,"minecraft:apple":2,"minecraft:melon_slice":4,"minecraft:bread":33,"minecraft:iron_pickaxe":814,"minecraft:acacia_fence_gate":2,"minecraft:stone_axe":133,"minecraft:cobblestone":76,"minecraft:cooked_porkchop":14,"minecraft:andesite":43,"minecraft:bucket":57,"minecraft:smooth_stone_slab":143,"minecraft:oak_boat":2,"minecraft:kelp":50,"minecraft:bone_meal":39},"minecraft:custom":{"minecraft:mob_kills":71,"minecraft:interact_with_crafting_table":97,"minecraft:open_barrel":2,"minecraft:bell_ring":9,"minecraft:leave_game":6,"minecraft:time_since_death":283692,"minecraft:climb_one_cm":319,"minecraft:sprint_one_cm":582709,"minecraft:walk_one_cm":1340137,"minecraft:damage_blocked_by_shield":303,"minecraft:drop":77,"minecraft:play_time":328218,"minecraft:deaths":1,"minecraft:sneak_time":19582,"minecraft:walk_under_water_one_cm":100466,"minecraft:boat_one_cm":173350,"minecraft:jump":3838,"minecraft:interact_with_blast_furnace":26,"minecraft:walk_on_water_one_cm":68792,"minecraft:total_world_time":328218,"minecraft:interact_with_furnace":183,"minecraft:interact_with_stonecutter":1,"minecraft:sleep_in_bed":18,"minecraft:time_since_rest":9294,"minecraft:damage_taken":3564,"minecraft:damage_dealt":13421,"minecraft:swim_one_cm":113015,"minecraft:fly_one_cm":422993,"minecraft:open_chest":194,"minecraft:crouch_one_cm":80694,"minecraft:interact_with_smoker":114,"minecraft:fall_one_cm":75027,"minecraft:horse_one_cm":259626},"minecraft:broken":{"minecraft:iron_shovel":4,"minecraft:stone_pickaxe":3,"minecraft:iron_axe":1,"minecraft:stone_axe":1,"minecraft:iron_pickaxe":3},"minecraft:dropped":{"minecraft:iron_ingot":3,"minecraft:bread":49,"minecraft:wheat_seeds":34,"minecraft:lapis_lazuli":35,"minecraft:glow_ink_sac":3,"minecraft:cooked_porkchop":9,"minecraft:cobblestone":141,"minecraft:granite":11,"minecraft:coal":2,"minecraft:emerald":4,"minecraft:flint":1,"minecraft:oxeye_daisy":6,"minecraft:dirt":453,"minecraft:red_bed":1,"minecraft:cornflower":1,"minecraft:iron_axe":2,"minecraft:iron_pickaxe":2,"minecraft:paper":5,"minecraft:acacia_planks":78,"minecraft:dandelion":15,"minecraft:gravel":21,"minecraft:cobbled_deepslate":61,"minecraft:wheat":2,"minecraft:tall_grass":2,"minecraft:rotten_flesh":14,"minecraft:azure_bluet":2,"minecraft:acacia_stairs":1,"minecraft:poppy":6,"minecraft:andesite":10,"minecraft:melon_seeds":5,"minecraft:arrow":9,"minecraft:raw_gold":1},"minecraft:killed_by":{"minecraft:skeleton":1},"minecraft:killed":{"minecraft:spider":5,"minecraft:skeleton":11,"minecraft:chicken":4,"minecraft:pig":12,"minecraft:iron_golem":1,"minecraft:creeper":2,"minecraft:sheep":1,"minecraft:zombie":31},"minecraft:picked_up":{"minecraft:crafting_table":11,"minecraft:wheat":25,"minecraft:azure_bluet":2,"minecraft:chicken":9,"minecraft:wooden_pickaxe":2,"minecraft:cornflower":1,"minecraft:string":3,"minecraft:red_bed":2,"minecraft:smooth_stone_slab":7,"minecraft:cobbled_deepslate":268,"minecraft:smooth_stone":19,"minecraft:beef":1,"minecraft:acacia_fence_gate":1,"minecraft:oak_boat":3,"minecraft:poppy":8,"minecraft:iron_pickaxe":2,"minecraft:melon_slice":4,"minecraft:chest":6,"minecraft:furnace":8,"minecraft:egg":3,"minecraft:stick":12,"minecraft:raw_iron":155,"minecraft:stone":55,"minecraft:acacia_fence":10,"minecraft:torch":47,"minecraft:acacia_log":304,"minecraft:porkchop":31,"minecraft:diorite":20,"minecraft:orange_bed":6,"minecraft:stone_sword":1,"minecraft:arrow":28,"minecraft:rotten_flesh":32,"minecraft:hay_block":21,"minecraft:mutton":2,"minecraft:cobblestone":1047,"minecraft:white_wool":1,"minecraft:oxeye_daisy":6,"minecraft:feather":18,"minecraft:cooked_beef":4,"minecraft:glow_ink_sac":9,"minecraft:andesite":54,"minecraft:smoker":7,"minecraft:flint":3,"minecraft:tuff":2,"minecraft:oak_log":8,"minecraft:gunpowder":8,"minecraft:lapis_lazuli":105,"minecraft:dirt":2346,"minecraft:bone":16,"minecraft:acacia_planks":502,"minecraft:apple":2,"minecraft:bow":1,"minecraft:kelp":416,"minecraft:stonecutter":3,"minecraft:wheat_seeds":116,"minecraft:raw_gold":4,"minecraft:stone_pickaxe":4,"minecraft:iron_ingot":117,"minecraft:tall_grass":2,"minecraft:bamboo":186,"minecraft:stone_hoe":1,"minecraft:acacia_sapling":28,"minecraft:cooked_porkchop":18,"minecraft:dandelion":15,"minecraft:gravel":21,"minecraft:blast_furnace":1,"minecraft:white_bed":3,"minecraft:acacia_stairs":56,"minecraft:spider_eye":1,"minecraft:diamond":36,"minecraft:stone_axe":1,"minecraft:granite":60,"minecraft:emerald":12,"minecraft:bread":36,"minecraft:oak_sapling":4,"minecraft:melon_seeds":5,"minecraft:coal":257},"minecraft:mined":{"minecraft:tuff":2,"minecraft:attached_melon_stem":1,"minecraft:white_bed":2,"minecraft:deepslate_diamond_ore":15,"minecraft:glow_lichen":1,"minecraft:granite":25,"minecraft:acacia_log":149,"minecraft:grass_block":639,"minecraft:kelp":156,"minecraft:hay_block":21,"minecraft:tall_seagrass":1,"minecraft:furnace":7,"minecraft:iron_ore":132,"minecraft:acacia_stairs":55,"minecraft:andesite":52,"minecraft:deepslate_iron_ore":25,"minecraft:bamboo":8,"minecraft:stone":604,"minecraft:orange_bed":6,"minecraft:acacia_leaves":23,"minecraft:glass_pane":1,"minecraft:red_bed":1,"minecraft:kelp_plant":89,"minecraft:melon_stem":3,"minecraft:smoker":6,"minecraft:crafting_table":9,"minecraft:torch":21,"minecraft:short_grass":88,"minecraft:blast_furnace":1,"minecraft:poppy":3,"minecraft:melon":1,"minecraft:chest":4,"minecraft:dead_bush":1,"minecraft:cobblestone":1,"minecraft:tall_grass":6,"minecraft:lapis_ore":5,"minecraft:deepslate_gold_ore":1,"minecraft:sugar_cane":1,"minecraft:diorite":17,"minecraft:wall_torch":8,"minecraft:acacia_fence_gate":1,"minecraft:wheat":38,"minecraft:birch_leaves":1,"minecraft:smooth_stone_slab":2,"minecraft:oak_log":8,"minecraft:coal_ore":274,"minecraft:acacia_fence":10,"minecraft:gravel":9,"minecraft:dirt":561,"minecraft:acacia_planks":150,"minecraft:stonecutter":2,"minecraft:oak_leaves":11,"minecraft:deepslate":77}},"DataVersion":3955}