{"stats":{"minecraft:crafted":{"minecraft:oak_planks":24,"minecraft:cooked_chicken":4,"minecraft:furnace":1,"minecraft:acacia_fence_gate":1,"minecraft:cooked_mutton":1,"minecraft:stone_pickaxe":3,"minecraft:acacia_fence":9,"minecraft:wheat":189,"minecraft:cooked_beef":1,"minecraft:cooked_porkchop":16,"minecraft:crafting_table":2,"minecraft:stone_axe":1,"minecraft:bread":63,"minecraft:air":0,"minecraft:oak_boat":1,"minecraft:iron_chestplate":1,"minecraft:stick":48,"minecraft:iron_ingot":7,"minecraft:iron_pickaxe":1,"minecraft:stone_sword":1,"minecraft:acacia_planks":40,"minecraft:torch":108},"minecraft:used":{"minecraft:stone_sword":143,"minecraft:acacia_log":1,"minecraft:poppy":1,"minecraft:chest":2,"minecraft:cooked_chicken":2,"minecraft:orange_bed":6,"minecraft:torch":89,"minecraft:dirt":1,"minecraft:acacia_sapling":4,"minecraft:granite":25,"minecraft:furnace":4,"minecraft:acacia_fence":9,"minecraft:cooked_beef":1,"minecraft:acacia_planks":5,"minecraft:short_grass":1,"minecraft:cooked_mutton":1,"minecraft:diorite":4,"minecraft:stone_pickaxe":400,"minecraft:oak_planks":1,"minecraft:wooden_pickaxe":7,"minecraft:stonecutter":1,"minecraft:white_wool":1,"minecraft:crafting_table":7,"minecraft:red_bed":1,"minecraft:smoker":4,"minecraft:apple":1,"minecraft:bread":10,"minecraft:iron_pickaxe":134,"minecraft:acacia_fence_gate":1,"minecraft:stone_axe":21,"minecraft:cobblestone":68,"minecraft:cooked_porkchop":7,"minecraft:andesite":9,"minecraft:oak_boat":2},"minecraft:custom":{"minecraft:mob_kills":27,"minecraft:interact_with_crafting_table":16,"minecraft:open_barrel":2,"minecraft:bell_ring":9,"minecraft:leave_game":1,"minecraft:time_since_death":55533,"minecraft:climb_one_cm":185,"minecraft:sprint_one_cm":159105,"minecraft:walk_one_cm":394916,"minecraft:drop":22,"minecraft:play_time":100059,"minecraft:deaths":1,"minecraft:sneak_time":4932,"minecraft:walk_under_water_one_cm":20614,"minecraft:boat_one_cm":173350,"minecraft:jump":1296,"minecraft:walk_on_water_one_cm":17042,"minecraft:total_world_time":100059,"minecraft:interact_with_furnace":14,"minecraft:interact_with_stonecutter":1,"minecraft:sleep_in_bed":6,"minecraft:time_since_rest":0,"minecraft:damage_taken":1648,"minecraft:damage_dealt":4863,"minecraft:swim_one_cm":20554,"minecraft:fly_one_cm":118941,"minecraft:open_chest":9,"minecraft:crouch_one_cm":11576,"minecraft:interact_with_smoker":13,"minecraft:fall_one_cm":19697,"minecraft:horse_one_cm":254382},"minecraft:broken":{"minecraft:stone_pickaxe":3},"minecraft:dropped":{"minecraft:bread":47,"minecraft:wheat_seeds":10,"minecraft:cooked_porkchop":8,"minecraft:cobblestone":64,"minecraft:coal":2,"minecraft:red_bed":1,"minecraft:paper":5,"minecraft:gravel":21,"minecraft:tall_grass":2,"minecraft:rotten_flesh":8,"minecraft:poppy":2,"minecraft:andesite":6},"minecraft:killed_by":{"minecraft:skeleton":1},"minecraft:killed":{"minecraft:spider":1,"minecraft:skeleton":3,"minecraft:chicken":4,"minecraft:pig":12,"minecraft:iron_golem":1,"minecraft:sheep":1,"minecraft:zombie":4},"minecraft:picked_up":{"minecraft:crafting_table":6,"minecraft:chicken":8,"minecraft:wooden_pickaxe":2,"minecraft:red_bed":2,"minecraft:cobbled_deepslate":121,"minecraft:beef":1,"minecraft:oak_boat":1,"minecraft:poppy":4,"minecraft:iron_pickaxe":1,"minecraft:chest":4,"minecraft:egg":1,"minecraft:furnace":3,"minecraft:stick":2,"minecraft:raw_iron":63,"minecraft:torch":14,"minecraft:acacia_log":17,"minecraft:porkchop":31,"minecraft:diorite":19,"minecraft:orange_bed":6,"minecraft:stone_sword":1,"minecraft:arrow":2,"minecraft:rotten_flesh":8,"minecraft:hay_block":21,"minecraft:mutton":2,"minecraft:cobblestone":396,"minecraft:white_wool":1,"minecraft:feather":12,"minecraft:glow_ink_sac":3,"minecraft:andesite":16,"minecraft:smoker":5,"minecraft:flint":1,"minecraft:tuff":2,"minecraft:oak_log":8,"minecraft:lapis_lazuli":35,"minecraft:dirt":25,"minecraft:bone":2,"minecraft:acacia_planks":1,"minecraft:apple":1,"minecraft:kelp":39,"minecraft:stonecutter":1,"minecraft:wheat_seeds":6,"minecraft:raw_gold":2,"minecraft:stone_pickaxe":2,"minecraft:iron_ingot":9,"minecraft:tall_grass":2,"minecraft:bamboo":93,"minecraft:acacia_sapling":15,"minecraft:cooked_porkchop":18,"minecraft:gravel":21,"minecraft:diamond":6,"minecraft:stone_axe":1,"minecraft:granite":38,"minecraft:bread":29,"minecraft:emerald":4,"minecraft:oak_sapling":4,"minecraft:coal":82},"minecraft:mined":{"minecraft:tuff":2,"minecraft:deepslate_diamond_ore":3,"minecraft:glow_lichen":1,"minecraft:granite":25,"minecraft:acacia_log":11,"minecraft:grass_block":6,"minecraft:kelp":2,"minecraft:hay_block":21,"minecraft:tall_seagrass":1,"minecraft:furnace":3,"minecraft:iron_ore":56,"minecraft:andesite":15,"minecraft:deepslate_iron_ore":8,"minecraft:bamboo":8,"minecraft:stone":230,"minecraft:orange_bed":6,"minecraft:acacia_leaves":4,"minecraft:glass_pane":1,"minecraft:red_bed":1,"minecraft:kelp_plant":5,"minecraft:smoker":4,"minecraft:crafting_table":5,"minecraft:torch":6,"minecraft:short_grass":32,"minecraft:poppy":3,"minecraft:chest":2,"minecraft:dead_bush":1,"minecraft:tall_grass":1,"minecraft:deepslate_gold_ore":1,"minecraft:lapis_ore":5,"minecraft:sugar_cane":1,"minecraft:diorite":16,"minecraft:wall_torch":3,"minecraft:coal_ore":84,"minecraft:oak_log":8,"minecraft:gravel":7,"minecraft:dirt":7,"minecraft:acacia_planks":1,"minecraft:stonecutter":1,"minecraft:oak_leaves":10,"minecraft:deepslate":63}},"DataVersion":3955}