{"stats":{"minecraft:crafted":{"minecraft:oak_planks":32,"minecraft:smooth_stone":27,"minecraft:smooth_stone_slab":48,"minecraft:cooked_chicken":4,"minecraft:furnace":1,"minecraft:acacia_fence_gate":1,"minecraft:blast_furnace":2,"minecraft:stone":52,"minecraft:bone_meal":30,"minecraft:cooked_mutton":1,"minecraft:iron_boots":1,"minecraft:iron_axe":1,"minecraft:stone_pickaxe":3,"minecraft:chest":1,"minecraft:acacia_fence":9,"minecraft:dried_kelp_block":6,"minecraft:stone_hoe":1,"minecraft:wheat":189,"minecraft:cooked_beef":1,"minecraft:cooked_porkchop":16,"minecraft:crafting_table":2,"minecraft:dried_kelp":56,"minecraft:iron_helmet":1,"minecraft:iron_sword":1,"minecraft:bucket":1,"minecraft:acacia_stairs":56,"minecraft:stone_axe":1,"minecraft:bread":63,"minecraft:air":0,"minecraft:oak_boat":1,"minecraft:iron_chestplate":1,"minecraft:shield":1,"minecraft:stick":108,"minecraft:iron_ingot":67,"minecraft:iron_pickaxe":4,"minecraft:stone_sword":1,"minecraft:iron_shovel":2,"minecraft:iron_leggings":1,"minecraft:acacia_planks":628,"minecraft:torch":268},"minecraft:used":{"minecraft:stone_sword":144,"minecraft:iron_shovel":446,"minecraft:acacia_log":3,"minecraft:poppy":1,"minecraft:shield":10,"minecraft:chest":3,"minecraft:iron_sword":167,"minecraft:stone_hoe":20,"minecraft:cooked_chicken":4,"minecraft:rotten_flesh":6,"minecraft:orange_bed":6,"minecraft:torch":292,"minecraft:dirt":85,"minecraft:acacia_sapling":11,"minecraft:granite":25,"minecraft:iron_axe":135,"minecraft:furnace":4,"minecraft:acacia_fence":9,"minecraft:egg":2,"minecraft:cooked_beef":1,"minecraft:cobbled_deepslate":25,"minecraft:acacia_planks":328,"minecraft:wheat_seeds":1,"minecraft:short_grass":1,"minecraft:cooked_mutton":1,"minecraft:water_bucket":56,"minecraft:diorite":5,"minecraft:stone_pickaxe":400,"minecraft:oak_planks":1,"minecraft:wooden_pickaxe":7,"minecraft:stonecutter":1,"minecraft:white_wool":1,"minecraft:crafting_table":8,"minecraft:red_bed":1,"minecraft:blast_furnace":3,"minecraft:white_bed":2,"minecraft:smoker":4,"minecraft:acacia_stairs":80,"minecraft:apple":2,"minecraft:melon_slice":1,"minecraft:bread":23,"minecraft:iron_pickaxe":685,"minecraft:acacia_fence_gate":1,"minecraft:stone_axe":133,"minecraft:cobblestone":76,"minecraft:cooked_porkchop":14,"minecraft:andesite":26,"minecraft:bucket":57,"minecraft:smooth_stone_slab":48,"minecraft:oak_boat":2,"minecraft:kelp":23,"minecraft:bone_meal":3},"minecraft:custom":{"minecraft:mob_kills":69,"minecraft:interact_with_crafting_table":54,"minecraft:open_barrel":2,"minecraft:bell_ring":9,"minecraft:leave_game":6,"minecraft:time_since_death":181692,"minecraft:climb_one_cm":319,"minecraft:sprint_one_cm":390294,"minecraft:walk_one_cm":984511,"minecraft:damage_blocked_by_shield":303,"minecraft:drop":40,"minecraft:play_time":226218,"minecraft:deaths":1,"minecraft:sneak_time":9121,"minecraft:walk_under_water_one_cm":54717,"minecraft:boat_one_cm":173350,"minecraft:jump":3077,"minecraft:interact_with_blast_furnace":7,"minecraft:walk_on_water_one_cm":61509,"minecraft:total_world_time":226218,"minecraft:interact_with_furnace":128,"minecraft:interact_with_stonecutter":1,"minecraft:sleep_in_bed":9,"minecraft:time_since_rest":73217,"minecraft:damage_taken":2730,"minecraft:damage_dealt":13071,"minecraft:swim_one_cm":57616,"minecraft:fly_one_cm":328563,"minecraft:open_chest":79,"minecraft:crouch_one_cm":22594,"minecraft:interact_with_smoker":49,"minecraft:fall_one_cm":54317,"minecraft:horse_one_cm":259626},"minecraft:broken":{"minecraft:iron_shovel":1,"minecraft:stone_pickaxe":3,"minecraft:stone_axe":1,"minecraft:iron_pickaxe":2},"minecraft:dropped":{"minecraft:bread":49,"minecraft:wheat_seeds":28,"minecraft:cooked_porkchop":9,"minecraft:cobblestone":64,"minecraft:coal":2,"minecraft:dirt":5,"minecraft:red_bed":1,"minecraft:iron_pickaxe":2,"minecraft:paper":5,"minecraft:gravel":21,"minecraft:wheat":2,"minecraft:tall_grass":2,"minecraft:rotten_flesh":8,"minecraft:acacia_stairs":1,"minecraft:poppy":2,"minecraft:andesite":8,"minecraft:melon_seeds":5},"minecraft:killed_by":{"minecraft:skeleton":1},"minecraft:killed":{"minecraft:spider":4,"minecraft:skeleton":10,"minecraft:chicken":4,"minecraft:pig":12,"minecraft:iron_golem":1,"minecraft:creeper":2,"minecraft:sheep":1,"minecraft:zombie":31},"minecraft:picked_up":{"minecraft:crafting_table":7,"minecraft:wheat":2,"minecraft:chicken":8,"minecraft:wooden_pickaxe":2,"minecraft:string":3,"minecraft:red_bed":2,"minecraft:cobbled_deepslate":146,"minecraft:smooth_stone":3,"minecraft:beef":1,"minecraft:oak_boat":2,"minecraft:poppy":4,"minecraft:iron_pickaxe":2,"minecraft:melon_slice":4,"minecraft:chest":4,"minecraft:furnace":6,"minecraft:egg":3,"minecraft:stick":7,"minecraft:raw_iron":155,"minecraft:stone":9,"minecraft:torch":26,"minecraft:acacia_log":230,"minecraft:porkchop":31,"minecraft:diorite":20,"minecraft:orange_bed":6,"minecraft:stone_sword":1,"minecraft:arrow":10,"minecraft:rotten_flesh":20,"minecraft:hay_block":21,"minecraft:mutton":2,"minecraft:cobblestone":618,"minecraft:white_wool":1,"minecraft:feather":12,"minecraft:glow_ink_sac":3,"minecraft:andesite":35,"minecraft:smoker":7,"minecraft:flint":1,"minecraft:tuff":2,"minecraft:oak_log":8,"minecraft:gunpowder":4,"minecraft:lapis_lazuli":35,"minecraft:dirt":461,"minecraft:bone":15,"minecraft:acacia_planks":135,"minecraft:apple":2,"minecraft:bow":1,"minecraft:kelp":79,"minecraft:stonecutter":2,"minecraft:wheat_seeds":31,"minecraft:raw_gold":2,"minecraft:stone_pickaxe":3,"minecraft:iron_ingot":9,"minecraft:tall_grass":2,"minecraft:bamboo":93,"minecraft:acacia_sapling":22,"minecraft:cooked_porkchop":18,"minecraft:gravel":21,"minecraft:blast_furnace":1,"minecraft:white_bed":2,"minecraft:acacia_stairs":51,"minecraft:diamond":18,"minecraft:stone_axe":1,"minecraft:granite":38,"minecraft:emerald":4,"minecraft:bread":30,"minecraft:oak_sapling":4,"minecraft:melon_seeds":5,"minecraft:coal":227},"minecraft:mined":{"minecraft:tuff":2,"minecraft:attached_melon_stem":1,"minecraft:white_bed":2,"minecraft:deepslate_diamond_ore":15,"minecraft:glow_lichen":1,"minecraft:granite":25,"minecraft:acacia_log":75,"minecraft:grass_block":330,"minecraft:kelp":8,"minecraft:hay_block":21,"minecraft:tall_seagrass":1,"minecraft:furnace":6,"minecraft:iron_ore":132,"minecraft:acacia_stairs":50,"minecraft:andesite":36,"minecraft:deepslate_iron_ore":25,"minecraft:bamboo":8,"minecraft:stone":464,"minecraft:orange_bed":6,"minecraft:acacia_leaves":10,"minecraft:glass_pane":1,"minecraft:red_bed":1,"minecraft:kelp_plant":13,"minecraft:melon_stem":3,"minecraft:smoker":6,"minecraft:crafting_table":6,"minecraft:torch":9,"minecraft:short_grass":80,"minecraft:blast_furnace":1,"minecraft:poppy":3,"minecraft:melon":1,"minecraft:chest":2,"minecraft:dead_bush":1,"minecraft:cobblestone":1,"minecraft:tall_grass":6,"minecraft:lapis_ore":5,"minecraft:deepslate_gold_ore":1,"minecraft:sugar_cane":1,"minecraft:diorite":17,"minecraft:wall_torch":6,"minecraft:wheat":13,"minecraft:birch_leaves":1,"minecraft:oak_log":8,"minecraft:coal_ore":246,"minecraft:gravel":9,"minecraft:dirt":123,"minecraft:acacia_planks":128,"minecraft:stonecutter":2,"minecraft:oak_leaves":11,"minecraft:deepslate":77}},"DataVersion":3955}