{"stats":{"minecraft:crafted":{"minecraft:smooth_stone":71,"minecraft:oak_planks":32,"minecraft:smooth_stone_slab":144,"minecraft:cooked_chicken":4,"minecraft:furnace":3,"minecraft:acacia_fence_gate":1,"minecraft:blast_furnace":2,"minecraft:stone":104,"minecraft:bone_meal":39,"minecraft:cooked_mutton":1,"minecraft:iron_boots":1,"minecraft:iron_axe":5,"minecraft:stone_pickaxe":4,"minecraft:chest":5,"minecraft:acacia_fence":63,"minecraft:dried_kelp_block":37,"minecraft:stone_hoe":1,"minecraft:wheat":189,"minecraft:cooked_beef":1,"minecraft:cooked_porkchop":16,"minecraft:crafting_table":3,"minecraft:dried_kelp":375,"minecraft:iron_helmet":1,"minecraft:iron_sword":1,"minecraft:bucket":1,"minecraft:acacia_stairs":228,"minecraft:stone_axe":1,"minecraft:bread":72,"minecraft:air":0,"minecraft:oak_boat":1,"minecraft:iron_chestplate":1,"minecraft:shield":1,"minecraft:stick":160,"minecraft:iron_ingot":160,"minecraft:iron_pickaxe":4,"minecraft:stone_sword":1,"minecraft:iron_shovel":5,"minecraft:iron_leggings":1,"minecraft:acacia_planks":1252,"minecraft:torch":312},"minecraft:used":{"minecraft:stone_sword":144,"minecraft:iron_shovel":1231,"minecraft:acacia_log":8,"minecraft:poppy":1,"minecraft:chest":9,"minecraft:shield":10,"minecraft:iron_sword":177,"minecraft:cooked_chicken":4,"minecraft:stone_hoe":20,"minecraft:rotten_flesh":6,"minecraft:orange_bed":6,"minecraft:torch":363,"minecraft:dirt":218,"minecraft:acacia_sapling":33,"minecraft:granite":25,"minecraft:iron_axe":433,"minecraft:furnace":9,"minecraft:acacia_fence":73,"minecraft:egg":5,"minecraft:cooked_beef":5,"minecraft:cobbled_deepslate":25,"minecraft:acacia_planks":1647,"minecraft:short_grass":1,"minecraft:wheat_seeds":56,"minecraft:cooked_mutton":1,"minecraft:water_bucket":56,"minecraft:diorite":5,"minecraft:oak_planks":1,"minecraft:stone_pickaxe":462,"minecraft:wooden_pickaxe":7,"minecraft:stonecutter":1,"minecraft:white_wool":1,"minecraft:blast_furnace":3,"minecraft:red_bed":1,"minecraft:crafting_table":13,"minecraft:white_bed":3,"minecraft:smoker":6,"minecraft:acacia_stairs":284,"minecraft:apple":2,"minecraft:melon_slice":4,"minecraft:bread":37,"minecraft:iron_pickaxe":814,"minecraft:acacia_fence_gate":2,"minecraft:stone_axe":133,"minecraft:cobblestone":76,"minecraft:cooked_porkchop":14,"minecraft:andesite":43,"minecraft:bucket":57,"minecraft:smooth_stone_slab":143,"minecraft:oak_boat":2,"minecraft:kelp":57,"minecraft:bone_meal":39},"minecraft:custom":{"minecraft:mob_kills":71,"minecraft:animals_bred":3,"minecraft:interact_with_crafting_table":102,"minecraft:open_barrel":2,"minecraft:bell_ring":9,"minecraft:leave_game":7,"minecraft:time_since_death":306359,"minecraft:climb_one_cm":319,"minecraft:sprint_one_cm":649232,"minecraft:walk_one_cm":1440609,"minecraft:damage_blocked_by_shield":303,"minecraft:drop":77,"minecraft:play_time":350885,"minecraft:deaths":1,"minecraft:sneak_time":21406,"minecraft:walk_under_water_one_cm":106291,"minecraft:boat_one_cm":173350,"minecraft:jump":4125,"minecraft:interact_with_blast_furnace":26,"minecraft:walk_on_water_one_cm":70543,"minecraft:total_world_time":350885,"minecraft:interact_with_furnace":184,"minecraft:interact_with_stonecutter":1,"minecraft:sleep_in_bed":20,"minecraft:time_since_rest":6605,"minecraft:damage_taken":3714,"minecraft:damage_dealt":13421,"minecraft:swim_one_cm":118371,"minecraft:fly_one_cm":470328,"minecraft:open_chest":203,"minecraft:crouch_one_cm":89180,"minecraft:interact_with_smoker":125,"minecraft:fall_one_cm":84176,"minecraft:horse_one_cm":259626},"minecraft:broken":{"minecraft:iron_shovel":4,"minecraft:stone_pickaxe":3,"minecraft:iron_axe":1,"minecraft:stone_axe":1,"minecraft:iron_pickaxe":3},"minecraft:dropped":{"minecraft:iron_ingot":3,"minecraft:bread":49,"minecraft:wheat_seeds":34,"minecraft:lapis_lazuli":35,"minecraft:glow_ink_sac":3,"minecraft:cooked_porkchop":9,"minecraft:cobblestone":141,"minecraft:granite":11,"minecraft:coal":2,"minecraft:flint":1,"minecraft:emerald":4,"minecraft:oxeye_daisy":6,"minecraft:dirt":453,"minecraft:red_bed":1,"minecraft:cornflower":1,"minecraft:iron_axe":2,"minecraft:iron_pickaxe":2,"minecraft:paper":5,"minecraft:acacia_planks":78,"minecraft:dandelion":15,"minecraft:gravel":21,"minecraft:cobbled_deepslate":61,"minecraft:wheat":2,"minecraft:tall_grass":2,"minecraft:rotten_flesh":14,"minecraft:azure_bluet":2,"minecraft:acacia_stairs":1,"minecraft:poppy":6,"minecraft:andesite":10,"minecraft:melon_seeds":5,"minecraft:arrow":9,"minecraft:raw_gold":1},"minecraft:killed_by":{"minecraft:skeleton":1},"minecraft:killed":{"minecraft:spider":5,"minecraft:skeleton":11,"minecraft:chicken":4,"minecraft:pig":12,"minecraft:iron_golem":1,"minecraft:creeper":2,"minecraft:sheep":1,"minecraft:zombie":31},"minecraft:picked_up":{"minecraft:crafting_table":11,"minecraft:wheat":33,"minecraft:azure_bluet":2,"minecraft:chicken":9,"minecraft:wooden_pickaxe":2,"minecraft:cornflower":1,"minecraft:string":3,"minecraft:red_bed":2,"minecraft:smooth_stone_slab":7,"minecraft:cobbled_deepslate":268,"minecraft:smooth_stone":19,"minecraft:beef":1,"minecraft:acacia_fence_gate":1,"minecraft:oak_boat":3,"minecraft:poppy":8,"minecraft:iron_pickaxe":2,"minecraft:melon_slice":4,"minecraft:chest":6,"minecraft:furnace":8,"minecraft:egg":6,"minecraft:stick":13,"minecraft:raw_iron":155,"minecraft:stone":55,"minecraft:acacia_fence":10,"minecraft:torch":54,"minecraft:acacia_log":334,"minecraft:porkchop":31,"minecraft:diorite":20,"minecraft:orange_bed":6,"minecraft:stone_sword":1,"minecraft:arrow":28,"minecraft:rotten_flesh":32,"minecraft:hay_block":21,"minecraft:mutton":2,"minecraft:white_wool":1,"minecraft:cobblestone":1047,"minecraft:oxeye_daisy":6,"minecraft:feather":18,"minecraft:cooked_beef":4,"minecraft:glow_ink_sac":9,"minecraft:andesite":54,"minecraft:smoker":7,"minecraft:flint":3,"minecraft:tuff":2,"minecraft:oak_log":8,"minecraft:gunpowder":8,"minecraft:lapis_lazuli":105,"minecraft:dirt":2400,"minecraft:bone":16,"minecraft:acacia_planks":626,"minecraft:apple":2,"minecraft:bow":1,"minecraft:kelp":470,"minecraft:stonecutter":3,"minecraft:wheat_seeds":136,"minecraft:raw_gold":4,"minecraft:stone_pickaxe":4,"minecraft:iron_ingot":117,"minecraft:tall_grass":2,"minecraft:bamboo":186,"minecraft:acacia_sapling":34,"minecraft:stone_hoe":1,"minecraft:cooked_porkchop":18,"minecraft:dandelion":15,"minecraft:gravel":21,"minecraft:blast_furnace":1,"minecraft:white_bed":3,"minecraft:acacia_stairs":61,"minecraft:spider_eye":1,"minecraft:diamond":36,"minecraft:stone_axe":1,"minecraft:granite":60,"minecraft:bread":36,"minecraft:emerald":12,"minecraft:oak_sapling":4,"minecraft:melon_seeds":5,"minecraft:coal":257},"minecraft:mined":{"minecraft:tuff":2,"minecraft:white_bed":2,"minecraft:attached_melon_stem":1,"minecraft:deepslate_diamond_ore":15,"minecraft:glow_lichen":1,"minecraft:granite":25,"minecraft:acacia_log":179,"minecraft:grass_block":679,"minecraft:kelp":173,"minecraft:hay_block":21,"minecraft:tall_seagrass":1,"minecraft:furnace":7,"minecraft:iron_ore":132,"minecraft:acacia_stairs":60,"minecraft:andesite":52,"minecraft:deepslate_iron_ore":25,"minecraft:bamboo":8,"minecraft:stone":604,"minecraft:orange_bed":6,"minecraft:acacia_leaves":26,"minecraft:glass_pane":1,"minecraft:red_bed":1,"minecraft:kelp_plant":104,"minecraft:melon_stem":3,"minecraft:smoker":6,"minecraft:crafting_table":9,"minecraft:torch":27,"minecraft:short_grass":89,"minecraft:blast_furnace":1,"minecraft:poppy":3,"minecraft:melon":1,"minecraft:chest":4,"minecraft:dead_bush":1,"minecraft:tall_grass":14,"minecraft:cobblestone":1,"minecraft:deepslate_gold_ore":1,"minecraft:lapis_ore":5,"minecraft:sugar_cane":1,"minecraft:diorite":17,"minecraft:wall_torch":8,"minecraft:acacia_fence_gate":1,"minecraft:wheat":46,"minecraft:birch_leaves":1,"minecraft:smooth_stone_slab":2,"minecraft:oak_log":8,"minecraft:coal_ore":274,"minecraft:acacia_fence":10,"minecraft:gravel":9,"minecraft:dirt":576,"minecraft:acacia_planks":279,"minecraft:stonecutter":2,"minecraft:oak_leaves":11,"minecraft:deepslate":77}},"DataVersion":3955}