{"stats":{"minecraft:crafted":{"minecraft:cooked_beef":1,"minecraft:oak_planks":16,"minecraft:cooked_porkchop":16,"minecraft:crafting_table":2,"minecraft:cooked_chicken":4,"minecraft:furnace":1,"minecraft:stone_axe":1,"minecraft:bread":63,"minecraft:cooked_mutton":1,"minecraft:air":0,"minecraft:iron_chestplate":1,"minecraft:stick":28,"minecraft:iron_ingot":7,"minecraft:iron_pickaxe":1,"minecraft:stone_pickaxe":3,"minecraft:stone_sword":1,"minecraft:acacia_planks":36,"minecraft:torch":68,"minecraft:wheat":189},"minecraft:used":{"minecraft:short_grass":1,"minecraft:stone_sword":132,"minecraft:acacia_log":1,"minecraft:oak_planks":1,"minecraft:stone_pickaxe":385,"minecraft:poppy":1,"minecraft:wooden_pickaxe":7,"minecraft:cooked_chicken":1,"minecraft:torch":56,"minecraft:white_wool":1,"minecraft:orange_bed":6,"minecraft:dirt":1,"minecraft:red_bed":1,"minecraft:crafting_table":5,"minecraft:smoker":2,"minecraft:granite":25,"minecraft:bread":10,"minecraft:iron_pickaxe":4,"minecraft:stone_axe":1,"minecraft:cobblestone":11,"minecraft:furnace":1,"minecraft:cooked_porkchop":7,"minecraft:acacia_planks":5},"minecraft:custom":{"minecraft:interact_with_furnace":12,"minecraft:mob_kills":24,"minecraft:interact_with_crafting_table":11,"minecraft:open_barrel":2,"minecraft:bell_ring":9,"minecraft:leave_game":1,"minecraft:time_since_death":19533,"minecraft:sleep_in_bed":4,"minecraft:climb_one_cm":185,"minecraft:time_since_rest":19561,"minecraft:sprint_one_cm":128883,"minecraft:damage_taken":1404,"minecraft:walk_one_cm":271002,"minecraft:drop":17,"minecraft:damage_dealt":4432,"minecraft:swim_one_cm":7453,"minecraft:fly_one_cm":103736,"minecraft:open_chest":5,"minecraft:crouch_one_cm":5449,"minecraft:play_time":64059,"minecraft:deaths":1,"minecraft:sneak_time":2355,"minecraft:walk_under_water_one_cm":7363,"minecraft:jump":806,"minecraft:walk_on_water_one_cm":6205,"minecraft:total_world_time":64059,"minecraft:interact_with_smoker":13,"minecraft:fall_one_cm":15319,"minecraft:horse_one_cm":114429},"minecraft:broken":{"minecraft:stone_pickaxe":2},"minecraft:dropped":{"minecraft:gravel":21,"minecraft:bread":47,"minecraft:wheat_seeds":10,"minecraft:cooked_porkchop":8,"minecraft:tall_grass":2,"minecraft:cobblestone":64,"minecraft:rotten_flesh":4,"minecraft:poppy":2,"minecraft:red_bed":1,"minecraft:andesite":6,"minecraft:paper":5},"minecraft:killed_by":{"minecraft:skeleton":1},"minecraft:killed":{"minecraft:pig":12,"minecraft:iron_golem":1,"minecraft:sheep":1,"minecraft:skeleton":3,"minecraft:zombie":2,"minecraft:chicken":4},"minecraft:picked_up":{"minecraft:crafting_table":3,"minecraft:feather":12,"minecraft:chicken":8,"minecraft:andesite":6,"minecraft:wooden_pickaxe":2,"minecraft:smoker":4,"minecraft:flint":1,"minecraft:tuff":2,"minecraft:oak_log":4,"minecraft:dirt":25,"minecraft:red_bed":2,"minecraft:bone":2,"minecraft:acacia_planks":1,"minecraft:apple":1,"minecraft:stonecutter":1,"minecraft:wheat_seeds":6,"minecraft:cobbled_deepslate":121,"minecraft:raw_gold":2,"minecraft:iron_ingot":9,"minecraft:beef":1,"minecraft:stone_pickaxe":2,"minecraft:tall_grass":2,"minecraft:poppy":4,"minecraft:iron_pickaxe":1,"minecraft:chest":4,"minecraft:acacia_sapling":15,"minecraft:raw_iron":24,"minecraft:stick":2,"minecraft:cooked_porkchop":18,"minecraft:torch":12,"minecraft:acacia_log":16,"minecraft:gravel":21,"minecraft:porkchop":31,"minecraft:diorite":15,"minecraft:orange_bed":6,"minecraft:stone_sword":1,"minecraft:arrow":2,"minecraft:rotten_flesh":4,"minecraft:diamond":6,"minecraft:stone_axe":1,"minecraft:hay_block":21,"minecraft:granite":36,"minecraft:emerald":4,"minecraft:bread":29,"minecraft:oak_sapling":4,"minecraft:mutton":2,"minecraft:coal":24,"minecraft:white_wool":1,"minecraft:cobblestone":382},"minecraft:mined":{"minecraft:tuff":2,"minecraft:acacia_leaves":4,"minecraft:glass_pane":1,"minecraft:red_bed":1,"minecraft:deepslate_diamond_ore":3,"minecraft:smoker":3,"minecraft:torch":6,"minecraft:crafting_table":2,"minecraft:granite":23,"minecraft:short_grass":32,"minecraft:acacia_log":10,"minecraft:grass_block":4,"minecraft:poppy":3,"minecraft:chest":2,"minecraft:dead_bush":1,"minecraft:tall_grass":1,"minecraft:deepslate_gold_ore":1,"minecraft:sugar_cane":1,"minecraft:wall_torch":3,"minecraft:diorite":12,"minecraft:hay_block":21,"minecraft:iron_ore":22,"minecraft:andesite":4,"minecraft:oak_log":4,"minecraft:coal_ore":22,"minecraft:deepslate_iron_ore":3,"minecraft:gravel":7,"minecraft:dirt":7,"minecraft:stonecutter":1,"minecraft:acacia_planks":1,"minecraft:stone":213,"minecraft:oak_leaves":6,"minecraft:deepslate":63,"minecraft:orange_bed":6}},"DataVersion":3955}