{"stats":{"minecraft:crafted":{"minecraft:oak_planks":32,"minecraft:smooth_stone":71,"minecraft:smooth_stone_slab":144,"minecraft:cooked_chicken":4,"minecraft:furnace":3,"minecraft:acacia_fence_gate":1,"minecraft:blast_furnace":2,"minecraft:stone":104,"minecraft:bone_meal":39,"minecraft:cooked_mutton":1,"minecraft:iron_boots":1,"minecraft:iron_axe":3,"minecraft:stone_pickaxe":3,"minecraft:chest":1,"minecraft:acacia_fence":9,"minecraft:dried_kelp_block":19,"minecraft:stone_hoe":1,"minecraft:wheat":189,"minecraft:cooked_beef":1,"minecraft:cooked_porkchop":16,"minecraft:crafting_table":2,"minecraft:dried_kelp":176,"minecraft:iron_helmet":1,"minecraft:iron_sword":1,"minecraft:bucket":1,"minecraft:acacia_stairs":116,"minecraft:stone_axe":1,"minecraft:bread":66,"minecraft:air":0,"minecraft:oak_boat":1,"minecraft:iron_chestplate":1,"minecraft:shield":1,"minecraft:stick":116,"minecraft:iron_ingot":160,"minecraft:iron_pickaxe":4,"minecraft:stone_sword":1,"minecraft:iron_shovel":4,"minecraft:iron_leggings":1,"minecraft:acacia_planks":916,"minecraft:torch":308},"minecraft:used":{"minecraft:stone_sword":144,"minecraft:iron_shovel":1024,"minecraft:acacia_log":3,"minecraft:poppy":1,"minecraft:shield":10,"minecraft:chest":3,"minecraft:iron_sword":171,"minecraft:stone_hoe":20,"minecraft:cooked_chicken":4,"minecraft:rotten_flesh":6,"minecraft:orange_bed":6,"minecraft:torch":340,"minecraft:dirt":215,"minecraft:acacia_sapling":21,"minecraft:granite":25,"minecraft:iron_axe":174,"minecraft:furnace":9,"minecraft:acacia_fence":9,"minecraft:egg":2,"minecraft:cooked_beef":3,"minecraft:cobbled_deepslate":25,"minecraft:acacia_planks":1095,"minecraft:wheat_seeds":38,"minecraft:short_grass":1,"minecraft:cooked_mutton":1,"minecraft:water_bucket":56,"minecraft:diorite":5,"minecraft:stone_pickaxe":400,"minecraft:oak_planks":1,"minecraft:wooden_pickaxe":7,"minecraft:stonecutter":1,"minecraft:white_wool":1,"minecraft:crafting_table":8,"minecraft:red_bed":1,"minecraft:blast_furnace":3,"minecraft:white_bed":3,"minecraft:smoker":6,"minecraft:acacia_stairs":155,"minecraft:apple":2,"minecraft:melon_slice":4,"minecraft:bread":26,"minecraft:iron_pickaxe":774,"minecraft:acacia_fence_gate":1,"minecraft:stone_axe":133,"minecraft:cobblestone":76,"minecraft:cooked_porkchop":14,"minecraft:andesite":26,"minecraft:bucket":57,"minecraft:smooth_stone_slab":143,"minecraft:oak_boat":2,"minecraft:kelp":49,"minecraft:bone_meal":39},"minecraft:custom":{"minecraft:mob_kills":70,"minecraft:interact_with_crafting_table":81,"minecraft:open_barrel":2,"minecraft:bell_ring":9,"minecraft:leave_game":6,"minecraft:time_since_death":247692,"minecraft:climb_one_cm":319,"minecraft:sprint_one_cm":490744,"minecraft:walk_one_cm":1217958,"minecraft:damage_blocked_by_shield":303,"minecraft:drop":54,"minecraft:play_time":292218,"minecraft:deaths":1,"minecraft:sneak_time":16518,"minecraft:walk_under_water_one_cm":93242,"minecraft:boat_one_cm":173350,"minecraft:jump":3469,"minecraft:interact_with_blast_furnace":26,"minecraft:walk_on_water_one_cm":67347,"minecraft:total_world_time":292218,"minecraft:interact_with_furnace":183,"minecraft:interact_with_stonecutter":1,"minecraft:sleep_in_bed":15,"minecraft:time_since_rest":3433,"minecraft:damage_taken":3153,"minecraft:damage_dealt":13231,"minecraft:swim_one_cm":100641,"minecraft:fly_one_cm":371172,"minecraft:open_chest":150,"minecraft:crouch_one_cm":65640,"minecraft:interact_with_smoker":94,"minecraft:fall_one_cm":62004,"minecraft:horse_one_cm":259626},"minecraft:broken":{"minecraft:iron_shovel":4,"minecraft:stone_pickaxe":3,"minecraft:stone_axe":1,"minecraft:iron_pickaxe":2},"minecraft:dropped":{"minecraft:iron_ingot":3,"minecraft:bread":49,"minecraft:wheat_seeds":28,"minecraft:cooked_porkchop":9,"minecraft:cobblestone":64,"minecraft:coal":2,"minecraft:oxeye_daisy":6,"minecraft:dirt":5,"minecraft:red_bed":1,"minecraft:cornflower":1,"minecraft:iron_axe":2,"minecraft:iron_pickaxe":2,"minecraft:paper":5,"minecraft:dandelion":15,"minecraft:gravel":21,"minecraft:wheat":2,"minecraft:tall_grass":2,"minecraft:rotten_flesh":8,"minecraft:azure_bluet":2,"minecraft:acacia_stairs":1,"minecraft:poppy":6,"minecraft:andesite":8,"minecraft:melon_seeds":5},"minecraft:killed_by":{"minecraft:skeleton":1},"minecraft:killed":{"minecraft:spider":5,"minecraft:skeleton":10,"minecraft:chicken":4,"minecraft:pig":12,"minecraft:iron_golem":1,"minecraft:creeper":2,"minecraft:sheep":1,"minecraft:zombie":31},"minecraft:picked_up":{"minecraft:crafting_table":7,"minecraft:wheat":15,"minecraft:azure_bluet":2,"minecraft:chicken":8,"minecraft:wooden_pickaxe":2,"minecraft:cornflower":1,"minecraft:string":3,"minecraft:red_bed":2,"minecraft:smooth_stone_slab":3,"minecraft:cobbled_deepslate":146,"minecraft:smooth_stone":13,"minecraft:beef":1,"minecraft:acacia_fence_gate":1,"minecraft:oak_boat":2,"minecraft:poppy":8,"minecraft:iron_pickaxe":2,"minecraft:melon_slice":4,"minecraft:chest":4,"minecraft:furnace":8,"minecraft:egg":3,"minecraft:stick":7,"minecraft:raw_iron":155,"minecraft:stone":28,"minecraft:acacia_fence":9,"minecraft:torch":41,"minecraft:acacia_log":238,"minecraft:porkchop":31,"minecraft:diorite":20,"minecraft:orange_bed":6,"minecraft:stone_sword":1,"minecraft:arrow":10,"minecraft:rotten_flesh":20,"minecraft:hay_block":21,"minecraft:mutton":2,"minecraft:cobblestone":755,"minecraft:white_wool":1,"minecraft:oxeye_daisy":6,"minecraft:feather":12,"minecraft:cooked_beef":4,"minecraft:glow_ink_sac":3,"minecraft:andesite":35,"minecraft:smoker":7,"minecraft:flint":1,"minecraft:tuff":2,"minecraft:oak_log":8,"minecraft:gunpowder":4,"minecraft:lapis_lazuli":35,"minecraft:dirt":1075,"minecraft:bone":15,"minecraft:acacia_planks":152,"minecraft:apple":2,"minecraft:bow":1,"minecraft:kelp":333,"minecraft:stonecutter":2,"minecraft:wheat_seeds":72,"minecraft:raw_gold":2,"minecraft:stone_pickaxe":3,"minecraft:iron_ingot":9,"minecraft:tall_grass":2,"minecraft:bamboo":93,"minecraft:acacia_sapling":22,"minecraft:cooked_porkchop":18,"minecraft:dandelion":15,"minecraft:gravel":21,"minecraft:blast_furnace":1,"minecraft:white_bed":3,"minecraft:acacia_stairs":54,"minecraft:spider_eye":1,"minecraft:diamond":18,"minecraft:stone_axe":1,"minecraft:granite":38,"minecraft:emerald":4,"minecraft:bread":30,"minecraft:oak_sapling":4,"minecraft:melon_seeds":5,"minecraft:coal":229},"minecraft:mined":{"minecraft:tuff":2,"minecraft:attached_melon_stem":1,"minecraft:white_bed":2,"minecraft:deepslate_diamond_ore":15,"minecraft:glow_lichen":1,"minecraft:granite":25,"minecraft:acacia_log":83,"minecraft:grass_block":592,"minecraft:kelp":130,"minecraft:hay_block":21,"minecraft:tall_seagrass":1,"minecraft:furnace":7,"minecraft:iron_ore":132,"minecraft:acacia_stairs":53,"minecraft:andesite":36,"minecraft:deepslate_iron_ore":25,"minecraft:bamboo":8,"minecraft:stone":547,"minecraft:orange_bed":6,"minecraft:acacia_leaves":14,"minecraft:glass_pane":1,"minecraft:red_bed":1,"minecraft:kelp_plant":68,"minecraft:melon_stem":3,"minecraft:smoker":6,"minecraft:crafting_table":6,"minecraft:torch":19,"minecraft:short_grass":81,"minecraft:blast_furnace":1,"minecraft:poppy":3,"minecraft:melon":1,"minecraft:chest":2,"minecraft:dead_bush":1,"minecraft:cobblestone":1,"minecraft:tall_grass":6,"minecraft:lapis_ore":5,"minecraft:deepslate_gold_ore":1,"minecraft:sugar_cane":1,"minecraft:diorite":17,"minecraft:wall_torch":6,"minecraft:acacia_fence_gate":1,"minecraft:wheat":28,"minecraft:birch_leaves":1,"minecraft:smooth_stone_slab":2,"minecraft:oak_log":8,"minecraft:coal_ore":246,"minecraft:acacia_fence":9,"minecraft:gravel":9,"minecraft:dirt":450,"minecraft:acacia_planks":142,"minecraft:stonecutter":2,"minecraft:oak_leaves":11,"minecraft:deepslate":77}},"DataVersion":3955}