{"stats":{"minecraft:crafted":{"minecraft:oak_planks":32,"minecraft:smooth_stone":27,"minecraft:smooth_stone_slab":48,"minecraft:cooked_chicken":4,"minecraft:furnace":1,"minecraft:acacia_fence_gate":1,"minecraft:blast_furnace":1,"minecraft:stone":52,"minecraft:cooked_mutton":1,"minecraft:iron_boots":1,"minecraft:iron_axe":1,"minecraft:stone_pickaxe":3,"minecraft:chest":1,"minecraft:acacia_fence":9,"minecraft:dried_kelp_block":6,"minecraft:wheat":189,"minecraft:cooked_beef":1,"minecraft:cooked_porkchop":16,"minecraft:crafting_table":2,"minecraft:dried_kelp":56,"minecraft:iron_helmet":1,"minecraft:iron_sword":1,"minecraft:bucket":1,"minecraft:acacia_stairs":56,"minecraft:stone_axe":1,"minecraft:bread":63,"minecraft:air":0,"minecraft:oak_boat":1,"minecraft:iron_chestplate":1,"minecraft:shield":1,"minecraft:stick":108,"minecraft:iron_ingot":67,"minecraft:iron_pickaxe":3,"minecraft:stone_sword":1,"minecraft:iron_shovel":2,"minecraft:iron_leggings":1,"minecraft:acacia_planks":628,"minecraft:torch":268},"minecraft:used":{"minecraft:stone_sword":144,"minecraft:iron_shovel":446,"minecraft:acacia_log":3,"minecraft:poppy":1,"minecraft:shield":5,"minecraft:chest":3,"minecraft:iron_sword":132,"minecraft:cooked_chicken":4,"minecraft:rotten_flesh":6,"minecraft:orange_bed":6,"minecraft:torch":247,"minecraft:dirt":85,"minecraft:acacia_sapling":11,"minecraft:granite":25,"minecraft:iron_axe":135,"minecraft:furnace":4,"minecraft:acacia_fence":9,"minecraft:egg":1,"minecraft:cooked_beef":1,"minecraft:cobbled_deepslate":15,"minecraft:acacia_planks":328,"minecraft:short_grass":1,"minecraft:cooked_mutton":1,"minecraft:water_bucket":55,"minecraft:diorite":4,"minecraft:stone_pickaxe":400,"minecraft:oak_planks":1,"minecraft:wooden_pickaxe":7,"minecraft:stonecutter":1,"minecraft:white_wool":1,"minecraft:crafting_table":7,"minecraft:red_bed":1,"minecraft:blast_furnace":1,"minecraft:white_bed":2,"minecraft:smoker":4,"minecraft:acacia_stairs":80,"minecraft:apple":2,"minecraft:bread":23,"minecraft:iron_pickaxe":456,"minecraft:acacia_fence_gate":1,"minecraft:stone_axe":133,"minecraft:cobblestone":76,"minecraft:cooked_porkchop":10,"minecraft:andesite":9,"minecraft:bucket":56,"minecraft:smooth_stone_slab":48,"minecraft:oak_boat":2,"minecraft:kelp":14},"minecraft:custom":{"minecraft:mob_kills":59,"minecraft:interact_with_crafting_table":50,"minecraft:open_barrel":2,"minecraft:bell_ring":9,"minecraft:leave_game":6,"minecraft:time_since_death":157692,"minecraft:climb_one_cm":319,"minecraft:sprint_one_cm":320566,"minecraft:walk_one_cm":881211,"minecraft:damage_blocked_by_shield":140,"minecraft:drop":30,"minecraft:play_time":202218,"minecraft:deaths":1,"minecraft:sneak_time":7268,"minecraft:walk_under_water_one_cm":44605,"minecraft:boat_one_cm":173350,"minecraft:jump":2514,"minecraft:interact_with_blast_furnace":3,"minecraft:walk_on_water_one_cm":53747,"minecraft:total_world_time":202218,"minecraft:interact_with_furnace":128,"minecraft:interact_with_stonecutter":1,"minecraft:sleep_in_bed":9,"minecraft:time_since_rest":49217,"minecraft:damage_taken":2590,"minecraft:damage_dealt":11240,"minecraft:swim_one_cm":56538,"minecraft:fly_one_cm":270068,"minecraft:open_chest":76,"minecraft:crouch_one_cm":19341,"minecraft:interact_with_smoker":49,"minecraft:fall_one_cm":43767,"minecraft:horse_one_cm":259626},"minecraft:broken":{"minecraft:iron_shovel":1,"minecraft:stone_pickaxe":3,"minecraft:stone_axe":1,"minecraft:iron_pickaxe":1},"minecraft:dropped":{"minecraft:bread":49,"minecraft:wheat_seeds":17,"minecraft:cooked_porkchop":9,"minecraft:cobblestone":64,"minecraft:coal":2,"minecraft:red_bed":1,"minecraft:iron_pickaxe":2,"minecraft:paper":5,"minecraft:gravel":21,"minecraft:tall_grass":2,"minecraft:rotten_flesh":8,"minecraft:acacia_stairs":1,"minecraft:poppy":2,"minecraft:andesite":6,"minecraft:melon_seeds":1},"minecraft:killed_by":{"minecraft:skeleton":1},"minecraft:killed":{"minecraft:spider":2,"minecraft:skeleton":7,"minecraft:chicken":4,"minecraft:pig":12,"minecraft:iron_golem":1,"minecraft:creeper":1,"minecraft:sheep":1,"minecraft:zombie":27},"minecraft:picked_up":{"minecraft:crafting_table":6,"minecraft:chicken":8,"minecraft:wooden_pickaxe":2,"minecraft:string":1,"minecraft:red_bed":2,"minecraft:cobbled_deepslate":138,"minecraft:smooth_stone":3,"minecraft:beef":1,"minecraft:oak_boat":2,"minecraft:poppy":4,"minecraft:iron_pickaxe":2,"minecraft:chest":4,"minecraft:furnace":6,"minecraft:egg":2,"minecraft:stick":7,"minecraft:raw_iron":116,"minecraft:stone":9,"minecraft:torch":23,"minecraft:acacia_log":230,"minecraft:porkchop":31,"minecraft:diorite":19,"minecraft:orange_bed":6,"minecraft:stone_sword":1,"minecraft:arrow":7,"minecraft:rotten_flesh":19,"minecraft:hay_block":21,"minecraft:mutton":2,"minecraft:cobblestone":550,"minecraft:white_wool":1,"minecraft:feather":12,"minecraft:glow_ink_sac":3,"minecraft:andesite":17,"minecraft:smoker":7,"minecraft:flint":1,"minecraft:tuff":2,"minecraft:oak_log":8,"minecraft:gunpowder":3,"minecraft:lapis_lazuli":35,"minecraft:dirt":456,"minecraft:bone":9,"minecraft:acacia_planks":135,"minecraft:apple":2,"minecraft:kelp":70,"minecraft:stonecutter":2,"minecraft:wheat_seeds":19,"minecraft:raw_gold":2,"minecraft:stone_pickaxe":3,"minecraft:iron_ingot":9,"minecraft:tall_grass":2,"minecraft:bamboo":93,"minecraft:acacia_sapling":22,"minecraft:cooked_porkchop":18,"minecraft:gravel":21,"minecraft:white_bed":2,"minecraft:acacia_stairs":51,"minecraft:diamond":15,"minecraft:stone_axe":1,"minecraft:granite":38,"minecraft:emerald":4,"minecraft:bread":30,"minecraft:oak_sapling":4,"minecraft:melon_seeds":1,"minecraft:coal":170},"minecraft:mined":{"minecraft:tuff":2,"minecraft:white_bed":2,"minecraft:deepslate_diamond_ore":12,"minecraft:glow_lichen":1,"minecraft:granite":25,"minecraft:acacia_log":75,"minecraft:grass_block":326,"minecraft:kelp":4,"minecraft:hay_block":21,"minecraft:tall_seagrass":1,"minecraft:furnace":6,"minecraft:iron_ore":98,"minecraft:acacia_stairs":50,"minecraft:andesite":16,"minecraft:deepslate_iron_ore":20,"minecraft:bamboo":8,"minecraft:stone":383,"minecraft:orange_bed":6,"minecraft:acacia_leaves":10,"minecraft:glass_pane":1,"minecraft:red_bed":1,"minecraft:kelp_plant":11,"minecraft:melon_stem":2,"minecraft:smoker":6,"minecraft:crafting_table":5,"minecraft:torch":7,"minecraft:short_grass":74,"minecraft:poppy":3,"minecraft:chest":2,"minecraft:dead_bush":1,"minecraft:cobblestone":1,"minecraft:tall_grass":6,"minecraft:lapis_ore":5,"minecraft:deepslate_gold_ore":1,"minecraft:sugar_cane":1,"minecraft:diorite":16,"minecraft:wall_torch":5,"minecraft:wheat":6,"minecraft:birch_leaves":1,"minecraft:oak_log":8,"minecraft:coal_ore":173,"minecraft:gravel":9,"minecraft:dirt":122,"minecraft:acacia_planks":128,"minecraft:stonecutter":2,"minecraft:oak_leaves":11,"minecraft:deepslate":67}},"DataVersion":3955}