{"stats":{"minecraft:custom":{"minecraft:animals_bred":85,"minecraft:interact_with_crafting_table":183,"minecraft:open_barrel":2,"minecraft:bell_ring":9,"minecraft:leave_game":11,"minecraft:time_since_death":563923,"minecraft:sprint_one_cm":1393081,"minecraft:damage_blocked_by_shield":543,"minecraft:drop":89,"minecraft:talked_to_villager":1,"minecraft:play_time":608449,"minecraft:deaths":1,"minecraft:jump":7332,"minecraft:walk_on_water_one_cm":89745,"minecraft:interact_with_furnace":269,"minecraft:sleep_in_bed":34,"minecraft:damage_dealt":16902,"minecraft:crouch_one_cm":110761,"minecraft:interact_with_smoker":256,"minecraft:horse_one_cm":370344,"minecraft:mob_kills":136,"minecraft:climb_one_cm":439,"minecraft:walk_one_cm":2391505,"minecraft:sneak_time":26147,"minecraft:walk_under_water_one_cm":145264,"minecraft:boat_one_cm":870551,"minecraft:interact_with_blast_furnace":28,"minecraft:total_world_time":608449,"minecraft:interact_with_stonecutter":1,"minecraft:time_since_rest":12069,"minecraft:damage_taken":5112,"minecraft:minecart_one_cm":42121,"minecraft:swim_one_cm":206343,"minecraft:fly_one_cm":1182569,"minecraft:open_chest":449,"minecraft:fall_one_cm":173980},"minecraft:picked_up":{"minecraft:wheat":101,"minecraft:stone_brick_stairs":1,"minecraft:string":4,"minecraft:raw_copper":6,"minecraft:smooth_stone_slab":9,"minecraft:shroomlight":10,"minecraft:cobbled_deepslate":268,"minecraft:smooth_stone":19,"minecraft:acacia_sign":2,"minecraft:acacia_fence_gate":1,"minecraft:redstone_torch":1,"minecraft:iron_pickaxe":2,"minecraft:melon_slice":4,"minecraft:furnace":10,"minecraft:stick":19,"minecraft:acacia_fence":10,"minecraft:torch":91,"minecraft:acacia_log":447,"minecraft:porkchop":35,"minecraft:dried_kelp":63,"minecraft:diorite":56,"minecraft:orange_bed":6,"minecraft:stone_sword":1,"minecraft:rotten_flesh":57,"minecraft:cobblestone":2030,"minecraft:cooked_beef":7,"minecraft:feather":66,"minecraft:water_bucket":1,"minecraft:andesite":54,"minecraft:smoker":11,"minecraft:flint":17,"minecraft:tuff":2,"minecraft:lapis_lazuli":105,"minecraft:dirt":2572,"minecraft:bone":17,"minecraft:chipped_anvil":1,"minecraft:acacia_planks":651,"minecraft:bow":1,"minecraft:stonecutter":3,"minecraft:wheat_seeds":338,"minecraft:raw_gold":4,"minecraft:bamboo":279,"minecraft:powered_rail":19,"minecraft:stone_hoe":1,"minecraft:cooked_porkchop":18,"minecraft:sand":338,"minecraft:acacia_stairs":62,"minecraft:cyan_bed":4,"minecraft:diamond":36,"minecraft:granite":61,"minecraft:emerald":12,"minecraft:bread":62,"minecraft:oak_sapling":4,"minecraft:netherrack":10,"minecraft:crafting_table":13,"minecraft:azure_bluet":2,"minecraft:ominous_bottle":1,"minecraft:chicken":63,"minecraft:chest_minecart":2,"minecraft:wooden_pickaxe":2,"minecraft:gold_block":1,"minecraft:cornflower":1,"minecraft:red_bed":2,"minecraft:beef":1,"minecraft:oak_boat":5,"minecraft:poppy":8,"minecraft:chest":7,"minecraft:egg":144,"minecraft:raw_iron":188,"minecraft:sandstone":3,"minecraft:stone":55,"minecraft:stone_pressure_plate":1,"minecraft:weeping_vines":2,"minecraft:arrow":30,"minecraft:beetroot_seeds":3,"minecraft:hay_block":21,"minecraft:glow_berries":8,"minecraft:mutton":2,"minecraft:white_wool":1,"minecraft:rail":80,"minecraft:oxeye_daisy":6,"minecraft:glow_ink_sac":9,"minecraft:filled_map":3,"minecraft:crimson_fungus":1,"minecraft:oak_log":8,"minecraft:nether_wart_block":5,"minecraft:gunpowder":8,"minecraft:white_banner":1,"minecraft:apple":2,"minecraft:kelp":1273,"minecraft:iron_ingot":117,"minecraft:stone_pickaxe":4,"minecraft:tall_grass":2,"minecraft:acacia_sapling":44,"minecraft:quartz":50,"minecraft:dandelion":15,"minecraft:gravel":89,"minecraft:blast_furnace":3,"minecraft:white_bed":5,"minecraft:spider_eye":2,"minecraft:dried_kelp_block":14,"minecraft:stone_axe":1,"minecraft:terracotta":1,"minecraft:acacia_slab":128,"minecraft:melon_seeds":5,"minecraft:coal":402},"minecraft:killed":{"minecraft:spider":6,"minecraft:skeleton":12,"minecraft:chicken":58,"minecraft:pig":12,"minecraft:iron_golem":1,"minecraft:creeper":3,"minecraft:sheep":1,"minecraft:pillager":2,"minecraft:zombie":36,"minecraft:hoglin":1},"minecraft:broken":{"minecraft:iron_shovel":6,"minecraft:stone_pickaxe":5,"minecraft:stone_axe":1,"minecraft:iron_sword":1,"minecraft:iron_axe":1,"minecraft:iron_pickaxe":7},"minecraft:crafted":{"minecraft:smooth_stone":141,"minecraft:oak_planks":32,"minecraft:acacia_pressure_plate":8,"minecraft:cooked_chicken":54,"minecraft:stone":151,"minecraft:cooked_mutton":1,"minecraft:glass":80,"minecraft:iron_boots":1,"minecraft:chest":8,"minecraft:acacia_fence":63,"minecraft:dried_kelp_block":123,"minecraft:stone_hoe":1,"minecraft:cooked_porkchop":17,"minecraft:crafting_table":5,"minecraft:acacia_slab":252,"minecraft:iron_helmet":1,"minecraft:wooden_hoe":1,"minecraft:iron_chestplate":1,"minecraft:shield":1,"minecraft:stick":240,"minecraft:iron_ingot":160,"minecraft:iron_pickaxe":11,"minecraft:stone_sword":1,"minecraft:acacia_door":9,"minecraft:gold_ingot":27,"minecraft:redstone_torch":21,"minecraft:redstone":9,"minecraft:smooth_stone_slab":282,"minecraft:furnace":3,"minecraft:acacia_fence_gate":1,"minecraft:blast_furnace":2,"minecraft:bone_meal":42,"minecraft:glass_pane":208,"minecraft:iron_axe":7,"minecraft:stone_pickaxe":4,"minecraft:minecart":1,"minecraft:wheat":189,"minecraft:cooked_beef":1,"minecraft:dried_kelp":1158,"minecraft:powered_rail":24,"minecraft:iron_sword":2,"minecraft:bucket":1,"minecraft:acacia_stairs":244,"minecraft:stone_axe":1,"minecraft:bread":96,"minecraft:air":0,"minecraft:oak_boat":1,"minecraft:acacia_sign":3,"minecraft:iron_shovel":9,"minecraft:iron_leggings":1,"minecraft:acacia_planks":1576,"minecraft:torch":440},"minecraft:mined":{"minecraft:white_bed":4,"minecraft:attached_melon_stem":1,"minecraft:granite":26,"minecraft:acacia_log":295,"minecraft:grass_block":728,"minecraft:crimson_fungus":1,"minecraft:spawner":1,"minecraft:tall_seagrass":1,"minecraft:weeping_vines_plant":2,"minecraft:iron_ore":163,"minecraft:orange_bed":6,"minecraft:cut_sandstone":5,"minecraft:red_bed":1,"minecraft:smoker":10,"minecraft:crimson_nylium":1,"minecraft:kelp_plant":288,"minecraft:melon_stem":3,"minecraft:torch":28,"minecraft:blast_furnace":3,"minecraft:poppy":3,"minecraft:melon":1,"minecraft:chest":5,"minecraft:dead_bush":1,"minecraft:nether_quartz_ore":50,"minecraft:cobblestone":1,"minecraft:cyan_bed":4,"minecraft:sugar_cane":1,"minecraft:wall_torch":28,"minecraft:powered_rail":19,"minecraft:nether_wart_block":4,"minecraft:wheat":95,"minecraft:tnt":1,"minecraft:stone_brick_stairs":1,"minecraft:smooth_stone_slab":4,"minecraft:oak_log":8,"minecraft:acacia_fence":10,"minecraft:sand":343,"minecraft:dirt":682,"minecraft:stonecutter":2,"minecraft:netherrack":7,"minecraft:oak_leaves":17,"minecraft:deepslate":77,"minecraft:tuff":2,"minecraft:deepslate_diamond_ore":15,"minecraft:glow_lichen":1,"minecraft:acacia_slab":132,"minecraft:kelp":299,"minecraft:hay_block":21,"minecraft:furnace":9,"minecraft:acacia_stairs":61,"minecraft:andesite":52,"minecraft:gold_block":4,"minecraft:shroomlight":10,"minecraft:deepslate_iron_ore":30,"minecraft:rail":72,"minecraft:bamboo":8,"minecraft:stone":1594,"minecraft:acacia_leaves":43,"minecraft:glass_pane":2,"minecraft:crafting_table":11,"minecraft:short_grass":241,"minecraft:tall_grass":36,"minecraft:lapis_ore":5,"minecraft:deepslate_gold_ore":1,"minecraft:diorite":53,"minecraft:acacia_fence_gate":1,"minecraft:redstone_torch":1,"minecraft:birch_leaves":1,"minecraft:coal_ore":346,"minecraft:gravel":90,"minecraft:terracotta":1,"minecraft:acacia_planks":303,"minecraft:chipped_anvil":1,"minecraft:acacia_wall_sign":2},"minecraft:killed_by":{"minecraft:skeleton":1},"minecraft:dropped":{"minecraft:lapis_lazuli":35,"minecraft:glow_ink_sac":3,"minecraft:cooked_porkchop":9,"minecraft:emerald":4,"minecraft:flint":1,"minecraft:dirt":453,"minecraft:red_bed":1,"minecraft:cornflower":1,"minecraft:iron_pickaxe":2,"minecraft:acacia_door":1,"minecraft:gravel":21,"minecraft:cobbled_deepslate":61,"minecraft:wheat":2,"minecraft:obsidian":1,"minecraft:rotten_flesh":18,"minecraft:azure_bluet":2,"minecraft:acacia_stairs":1,"minecraft:poppy":6,"minecraft:melon_seeds":5,"minecraft:arrow":9,"minecraft:stone_brick_stairs":1,"minecraft:netherrack":2,"minecraft:water_bucket":1,"minecraft:iron_ingot":3,"minecraft:bread":49,"minecraft:wheat_seeds":34,"minecraft:cobblestone":141,"minecraft:granite":11,"minecraft:coal":2,"minecraft:oxeye_daisy":6,"minecraft:iron_axe":2,"minecraft:paper":5,"minecraft:acacia_planks":78,"minecraft:dandelion":15,"minecraft:tall_grass":2,"minecraft:filled_map":2,"minecraft:andesite":10,"minecraft:raw_gold":1,"minecraft:terracotta":1},"minecraft:used":{"minecraft:iron_shovel":1741,"minecraft:poppy":1,"minecraft:chest":13,"minecraft:shield":18,"minecraft:iron_sword":274,"minecraft:rotten_flesh":6,"minecraft:acacia_sapling":43,"minecraft:furnace":11,"minecraft:acacia_fence":73,"minecraft:egg":145,"minecraft:short_grass":1,"minecraft:diorite":5,"minecraft:powered_rail":40,"minecraft:stone_pickaxe":595,"minecraft:oak_planks":1,"minecraft:wooden_pickaxe":7,"minecraft:sandstone":3,"minecraft:white_wool":1,"minecraft:blast_furnace":5,"minecraft:redstone_torch":22,"minecraft:acacia_door":8,"minecraft:melon_slice":4,"minecraft:cyan_bed":4,"minecraft:bread":70,"minecraft:andesite":43,"minecraft:smooth_stone_slab":285,"minecraft:oak_boat":5,"minecraft:bone_meal":42,"minecraft:stone_sword":144,"minecraft:acacia_log":26,"minecraft:stone_hoe":20,"minecraft:cooked_chicken":14,"minecraft:orange_bed":6,"minecraft:torch":515,"minecraft:dirt":324,"minecraft:granite":25,"minecraft:shroomlight":9,"minecraft:chipped_anvil":1,"minecraft:iron_axe":730,"minecraft:acacia_slab":264,"minecraft:minecart":1,"minecraft:cobbled_deepslate":25,"minecraft:cooked_beef":8,"minecraft:acacia_planks":1718,"minecraft:wheat_seeds":124,"minecraft:cooked_mutton":1,"minecraft:water_bucket":70,"minecraft:stonecutter":1,"minecraft:rail":81,"minecraft:crafting_table":17,"minecraft:red_bed":1,"minecraft:white_bed":4,"minecraft:smoker":8,"minecraft:wooden_hoe":14,"minecraft:acacia_stairs":303,"minecraft:apple":2,"minecraft:acacia_sign":4,"minecraft:iron_pickaxe":2017,"minecraft:acacia_fence_gate":2,"minecraft:stone_axe":133,"minecraft:crimson_fungus":1,"minecraft:cobblestone":210,"minecraft:acacia_pressure_plate":8,"minecraft:white_banner":1,"minecraft:cooked_porkchop":15,"minecraft:bucket":71,"minecraft:glass_pane":193,"minecraft:kelp":59}},"DataVersion":3955}