{"minecraft:recipes/decorations/crafting_table":{"criteria":{"unlock_right_away":"2024-10-06 05:21:04 +0000"},"done":true},"minecraft:adventure/adventuring_time":{"criteria":{"minecraft:badlands":"2024-10-08 19:39:16 +0000","minecraft:savanna_plateau":"2024-10-08 20:18:20 +0000","minecraft:beach":"2024-10-08 19:27:12 +0000","minecraft:forest":"2024-10-06 05:38:41 +0000","minecraft:sparse_jungle":"2024-10-07 20:32:48 +0000","minecraft:river":"2024-10-06 05:33:43 +0000","minecraft:lukewarm_ocean":"2024-10-08 19:27:19 +0000","minecraft:stony_shore":"2024-10-08 19:28:22 +0000","minecraft:dripstone_caves":"2024-10-07 20:28:51 +0000","minecraft:eroded_badlands":"2024-10-08 19:39:00 +0000","minecraft:desert":"2024-10-06 05:21:05 +0000","minecraft:jungle":"2024-10-08 19:26:13 +0000","minecraft:savanna":"2024-10-06 05:22:45 +0000","minecraft:wooded_badlands":"2024-10-08 20:47:21 +0000","minecraft:bamboo_jungle":"2024-10-08 19:26:57 +0000","minecraft:plains":"2024-10-06 05:42:00 +0000","minecraft:warm_ocean":"2024-10-08 19:58:05 +0000"},"done":false},"minecraft:recipes/decorations/ladder":{"criteria":{"has_stick":"2024-10-06 05:21:34 +0000"},"done":true},"minecraft:recipes/decorations/campfire":{"criteria":{"has_stick":"2024-10-06 05:21:34 +0000"},"done":true},"minecraft:recipes/tools/wooden_hoe":{"criteria":{"has_stick":"2024-10-06 05:21:34 +0000"},"done":true},"minecraft:recipes/tools/wooden_pickaxe":{"criteria":{"has_stick":"2024-10-06 05:21:34 +0000"},"done":true},"minecraft:recipes/tools/wooden_axe":{"criteria":{"has_stick":"2024-10-06 05:21:34 +0000"},"done":true},"minecraft:recipes/tools/wooden_shovel":{"criteria":{"has_stick":"2024-10-06 05:21:34 +0000"},"done":true},"minecraft:recipes/combat/wooden_sword":{"criteria":{"has_stick":"2024-10-06 05:21:34 +0000"},"done":true},"minecraft:recipes/transportation/mangrove_boat":{"criteria":{"in_water":"2024-10-06 05:21:36 +0000"},"done":true},"minecraft:recipes/transportation/acacia_boat":{"criteria":{"in_water":"2024-10-06 05:21:36 +0000"},"done":true},"minecraft:recipes/transportation/cherry_boat":{"criteria":{"in_water":"2024-10-06 05:21:36 +0000"},"done":true},"minecraft:recipes/transportation/bamboo_raft":{"criteria":{"in_water":"2024-10-06 05:21:36 +0000"},"done":true},"minecraft:recipes/transportation/spruce_boat":{"criteria":{"in_water":"2024-10-06 05:21:36 +0000"},"done":true},"minecraft:recipes/transportation/birch_boat":{"criteria":{"in_water":"2024-10-06 05:21:36 +0000"},"done":true},"minecraft:recipes/transportation/oak_boat":{"criteria":{"in_water":"2024-10-06 05:21:36 +0000"},"done":true},"minecraft:recipes/transportation/jungle_boat":{"criteria":{"in_water":"2024-10-06 05:21:36 +0000"},"done":true},"minecraft:recipes/transportation/dark_oak_boat":{"criteria":{"in_water":"2024-10-06 05:21:36 +0000"},"done":true},"minecraft:recipes/misc/charcoal":{"criteria":{"has_log":"2024-10-06 05:22:55 +0000"},"done":true},"minecraft:recipes/building_blocks/acacia_wood":{"criteria":{"has_log":"2024-10-06 05:22:55 +0000"},"done":true},"minecraft:recipes/building_blocks/acacia_planks":{"criteria":{"has_log":"2024-10-06 05:22:55 +0000"},"done":true},"minecraft:recipes/redstone/acacia_button":{"criteria":{"has_planks":"2024-10-06 05:23:17 +0000"},"done":true},"minecraft:recipes/redstone/acacia_pressure_plate":{"criteria":{"has_planks":"2024-10-06 05:23:17 +0000"},"done":true},"minecraft:recipes/decorations/acacia_sign":{"criteria":{"has_planks":"2024-10-06 05:23:17 +0000"},"done":true},"minecraft:recipes/building_blocks/acacia_slab":{"criteria":{"has_planks":"2024-10-06 05:23:17 +0000"},"done":true},"minecraft:recipes/redstone/acacia_trapdoor":{"criteria":{"has_planks":"2024-10-06 05:23:17 +0000"},"done":true},"minecraft:recipes/misc/stick":{"criteria":{"has_planks":"2024-10-06 05:23:17 +0000"},"done":true},"minecraft:recipes/decorations/acacia_fence":{"criteria":{"has_planks":"2024-10-06 05:23:17 +0000"},"done":true},"minecraft:recipes/decorations/barrel":{"criteria":{"has_planks":"2024-10-06 05:23:17 +0000"},"done":true},"minecraft:recipes/building_blocks/acacia_stairs":{"criteria":{"has_planks":"2024-10-06 05:23:17 +0000"},"done":true},"minecraft:recipes/redstone/acacia_door":{"criteria":{"has_planks":"2024-10-06 05:23:17 +0000"},"done":true},"minecraft:recipes/redstone/acacia_fence_gate":{"criteria":{"has_planks":"2024-10-06 05:23:17 +0000"},"done":true},"minecraft:story/root":{"criteria":{"crafting_table":"2024-10-06 05:23:19 +0000"},"done":true},"minecraft:recipes/redstone/lever":{"criteria":{"has_cobblestone":"2024-10-06 05:23:38 +0000"},"done":true},"minecraft:recipes/combat/stone_sword":{"criteria":{"has_cobblestone":"2024-10-06 05:23:38 +0000"},"done":true},"minecraft:recipes/decorations/cobblestone_wall":{"criteria":{"has_cobblestone":"2024-10-06 05:23:38 +0000"},"done":true},"minecraft:recipes/tools/stone_pickaxe":{"criteria":{"has_cobblestone":"2024-10-06 05:23:38 +0000"},"done":true},"minecraft:recipes/tools/stone_axe":{"criteria":{"has_cobblestone":"2024-10-06 05:23:38 +0000"},"done":true},"minecraft:story/mine_stone":{"criteria":{"get_stone":"2024-10-06 05:23:38 +0000"},"done":true},"minecraft:recipes/decorations/furnace":{"criteria":{"has_cobblestone":"2024-10-06 05:23:38 +0000"},"done":true},"minecraft:recipes/building_blocks/cobblestone_slab":{"criteria":{"has_cobblestone":"2024-10-06 05:23:38 +0000"},"done":true},"minecraft:recipes/building_blocks/cobblestone_slab_from_cobblestone_stonecutting":{"criteria":{"has_cobblestone":"2024-10-06 05:23:38 +0000"},"done":true},"minecraft:recipes/building_blocks/stone":{"criteria":{"has_cobblestone":"2024-10-06 05:23:38 +0000"},"done":true},"minecraft:recipes/decorations/cobblestone_wall_from_cobblestone_stonecutting":{"criteria":{"has_cobblestone":"2024-10-06 05:23:38 +0000"},"done":true},"minecraft:recipes/building_blocks/cobblestone_stairs_from_cobblestone_stonecutting":{"criteria":{"has_cobblestone":"2024-10-06 05:23:38 +0000"},"done":true},"minecraft:recipes/building_blocks/cobblestone_stairs":{"criteria":{"has_cobblestone":"2024-10-06 05:23:38 +0000"},"done":true},"minecraft:recipes/tools/stone_hoe":{"criteria":{"has_cobblestone":"2024-10-06 05:23:38 +0000"},"done":true},"minecraft:recipes/tools/stone_shovel":{"criteria":{"has_cobblestone":"2024-10-06 05:23:38 +0000"},"done":true},"minecraft:recipes/building_blocks/sandstone_stairs":{"criteria":{"has_sandstone":"2024-10-06 05:23:59 +0000"},"done":true},"minecraft:recipes/building_blocks/sandstone_slab":{"criteria":{"has_sandstone":"2024-10-06 05:23:59 +0000"},"done":true},"minecraft:recipes/building_blocks/cut_sandstone_from_sandstone_stonecutting":{"criteria":{"has_sandstone":"2024-10-06 05:23:59 +0000"},"done":true},"minecraft:recipes/building_blocks/chiseled_sandstone_from_sandstone_stonecutting":{"criteria":{"has_sandstone":"2024-10-06 05:23:59 +0000"},"done":true},"minecraft:recipes/building_blocks/smooth_sandstone":{"criteria":{"has_sandstone":"2024-10-06 05:23:59 +0000"},"done":true},"minecraft:recipes/decorations/sandstone_wall_from_sandstone_stonecutting":{"criteria":{"has_sandstone":"2024-10-06 05:23:59 +0000"},"done":true},"minecraft:recipes/building_blocks/cut_sandstone_slab_from_sandstone_stonecutting":{"criteria":{"has_sandstone":"2024-10-06 05:23:59 +0000"},"done":true},"minecraft:recipes/building_blocks/cut_sandstone":{"criteria":{"has_sandstone":"2024-10-06 05:23:59 +0000"},"done":true},"minecraft:recipes/building_blocks/sandstone_slab_from_sandstone_stonecutting":{"criteria":{"has_sandstone":"2024-10-06 05:23:59 +0000"},"done":true},"minecraft:recipes/building_blocks/sandstone_stairs_from_sandstone_stonecutting":{"criteria":{"has_sandstone":"2024-10-06 05:23:59 +0000"},"done":true},"minecraft:recipes/decorations/sandstone_wall":{"criteria":{"has_sandstone":"2024-10-06 05:23:59 +0000"},"done":true},"minecraft:recipes/decorations/torch":{"criteria":{"has_stone_pickaxe":"2024-10-06 05:25:12 +0000"},"done":true},"minecraft:story/upgrade_tools":{"criteria":{"stone_pickaxe":"2024-10-06 05:25:12 +0000"},"done":true},"minecraft:recipes/misc/iron_ingot_from_smelting_raw_iron":{"criteria":{"has_raw_iron":"2024-10-06 05:25:26 +0000"},"done":true},"minecraft:recipes/building_blocks/raw_iron_block":{"criteria":{"has_raw_iron":"2024-10-06 05:25:26 +0000"},"done":true},"minecraft:recipes/misc/iron_ingot_from_blasting_raw_iron":{"criteria":{"has_raw_iron":"2024-10-06 05:25:26 +0000"},"done":true},"minecraft:recipes/building_blocks/coal_block":{"criteria":{"has_coal":"2024-10-06 05:25:31 +0000"},"done":true},"minecraft:recipes/building_blocks/andesite_stairs_from_andesite_stonecutting":{"criteria":{"has_andesite":"2024-10-06 05:26:32 +0000"},"done":true},"minecraft:recipes/building_blocks/andesite_stairs":{"criteria":{"has_andesite":"2024-10-06 05:26:32 +0000"},"done":true},"minecraft:recipes/building_blocks/polished_andesite_from_andesite_stonecutting":{"criteria":{"has_andesite":"2024-10-06 05:26:32 +0000"},"done":true},"minecraft:recipes/building_blocks/polished_andesite":{"criteria":{"has_andesite":"2024-10-06 05:26:32 +0000"},"done":true},"minecraft:recipes/decorations/andesite_wall_from_andesite_stonecutting":{"criteria":{"has_andesite":"2024-10-06 05:26:32 +0000"},"done":true},"minecraft:recipes/building_blocks/polished_andesite_slab_from_andesite_stonecutting":{"criteria":{"has_andesite":"2024-10-06 05:26:32 +0000"},"done":true},"minecraft:recipes/decorations/andesite_wall":{"criteria":{"has_andesite":"2024-10-06 05:26:32 +0000"},"done":true},"minecraft:recipes/building_blocks/andesite_slab":{"criteria":{"has_andesite":"2024-10-06 05:26:32 +0000"},"done":true},"minecraft:recipes/building_blocks/polished_andesite_stairs_from_andesite_stonecutting":{"criteria":{"has_andesite":"2024-10-06 05:26:32 +0000"},"done":true},"minecraft:recipes/building_blocks/andesite_slab_from_andesite_stonecutting":{"criteria":{"has_andesite":"2024-10-06 05:26:32 +0000"},"done":true},"minecraft:adventure/root":{"criteria":{"killed_something":"2024-10-06 05:26:48 +0000"},"done":true},"minecraft:adventure/kill_all_mobs":{"criteria":{"minecraft:skeleton":"2024-10-06 05:26:48 +0000","minecraft:piglin":"2024-10-08 20:28:25 +0000","minecraft:magma_cube":"2024-10-08 20:36:42 +0000","minecraft:spider":"2024-10-06 05:39:25 +0000","minecraft:zombie":"2024-10-06 05:27:02 +0000","minecraft:creeper":"2024-10-06 05:59:30 +0000"},"done":false},"minecraft:adventure/kill_a_mob":{"criteria":{"minecraft:skeleton":"2024-10-06 05:26:48 +0000"},"done":true},"minecraft:recipes/decorations/smoker":{"criteria":{"has_furnace":"2024-10-06 05:27:40 +0000"},"done":true},"minecraft:recipes/combat/iron_sword":{"criteria":{"has_iron_ingot":"2024-10-06 05:28:43 +0000"},"done":true},"minecraft:recipes/tools/iron_pickaxe":{"criteria":{"has_iron_ingot":"2024-10-06 05:28:43 +0000"},"done":true},"minecraft:recipes/combat/iron_leggings":{"criteria":{"has_iron_ingot":"2024-10-06 05:28:43 +0000"},"done":true},"minecraft:recipes/combat/shield":{"criteria":{"has_iron_ingot":"2024-10-06 05:28:43 +0000"},"done":true},"minecraft:recipes/redstone/hopper":{"criteria":{"has_iron_ingot":"2024-10-06 05:28:43 +0000"},"done":true},"minecraft:recipes/decorations/iron_bars":{"criteria":{"has_iron_ingot":"2024-10-06 05:28:43 +0000"},"done":true},"minecraft:recipes/combat/iron_boots":{"criteria":{"has_iron_ingot":"2024-10-06 05:28:43 +0000"},"done":true},"minecraft:recipes/combat/iron_chestplate":{"criteria":{"has_iron_ingot":"2024-10-06 05:28:43 +0000"},"done":true},"minecraft:recipes/decorations/lantern":{"criteria":{"has_iron_ingot":"2024-10-06 05:28:43 +0000"},"done":true},"minecraft:recipes/misc/iron_nugget":{"criteria":{"has_iron_ingot":"2024-10-06 05:28:43 +0000"},"done":true},"minecraft:recipes/misc/bucket":{"criteria":{"has_iron_ingot":"2024-10-06 05:28:43 +0000"},"done":true},"minecraft:recipes/combat/iron_helmet":{"criteria":{"has_iron_ingot":"2024-10-06 05:28:43 +0000"},"done":true},"minecraft:recipes/transportation/minecart":{"criteria":{"has_iron_ingot":"2024-10-06 05:28:43 +0000"},"done":true},"minecraft:recipes/tools/iron_hoe":{"criteria":{"has_iron_ingot":"2024-10-06 05:28:43 +0000"},"done":true},"minecraft:recipes/tools/iron_shovel":{"criteria":{"has_iron_ingot":"2024-10-06 05:28:43 +0000"},"done":true},"minecraft:story/smelt_iron":{"criteria":{"iron":"2024-10-06 05:28:43 +0000"},"done":true},"minecraft:recipes/tools/shears":{"criteria":{"has_iron_ingot":"2024-10-06 05:28:43 +0000"},"done":true},"minecraft:recipes/redstone/iron_trapdoor":{"criteria":{"has_iron_ingot":"2024-10-06 05:28:43 +0000"},"done":true},"minecraft:recipes/decorations/chain":{"criteria":{"has_iron_ingot":"2024-10-06 05:28:43 +0000"},"done":true},"minecraft:recipes/building_blocks/iron_block":{"criteria":{"has_iron_ingot":"2024-10-06 05:28:43 +0000"},"done":true},"minecraft:recipes/tools/iron_axe":{"criteria":{"has_iron_ingot":"2024-10-06 05:28:43 +0000"},"done":true},"minecraft:recipes/combat/crossbow":{"criteria":{"has_iron_ingot":"2024-10-06 05:28:43 +0000"},"done":true},"minecraft:recipes/decorations/smithing_table":{"criteria":{"has_iron_ingot":"2024-10-06 05:28:43 +0000"},"done":true},"minecraft:recipes/redstone/iron_door":{"criteria":{"has_iron_ingot":"2024-10-06 05:28:43 +0000"},"done":true},"minecraft:recipes/redstone/heavy_weighted_pressure_plate":{"criteria":{"has_iron_ingot":"2024-10-06 05:28:43 +0000"},"done":true},"minecraft:story/obtain_armor":{"criteria":{"iron_helmet":"2024-10-06 05:28:48 +0000"},"done":true},"minecraft:recipes/misc/iron_nugget_from_smelting":{"criteria":{"has_iron_helmet":"2024-10-06 05:28:48 +0000"},"done":true},"minecraft:recipes/misc/iron_nugget_from_blasting":{"criteria":{"has_iron_helmet":"2024-10-06 05:28:48 +0000"},"done":true},"minecraft:recipes/decorations/chest":{"criteria":{"has_lots_of_items":"2024-10-06 05:31:52 +0000"},"done":true},"minecraft:husbandry/balanced_diet":{"criteria":{"apple":"2024-10-06 05:48:43 +0000","bread":"2024-10-06 05:33:27 +0000","cooked_mutton":"2024-10-07 20:29:32 +0000","cooked_beef":"2024-10-07 20:27:04 +0000"},"done":false},"minecraft:husbandry/root":{"criteria":{"consumed_item":"2024-10-06 05:33:27 +0000"},"done":true},"minecraft:recipes/food/cooked_chicken_from_campfire_cooking":{"criteria":{"has_chicken":"2024-10-06 05:33:40 +0000"},"done":true},"minecraft:recipes/food/cooked_chicken":{"criteria":{"has_chicken":"2024-10-06 05:33:40 +0000"},"done":true},"minecraft:recipes/food/cooked_chicken_from_smoking":{"criteria":{"has_chicken":"2024-10-06 05:33:40 +0000"},"done":true},"minecraft:recipes/combat/arrow":{"criteria":{"has_feather":"2024-10-06 05:33:40 +0000"},"done":true},"minecraft:adventure/sleep_in_bed":{"criteria":{"slept_in_bed":"2024-10-06 05:34:01 +0000"},"done":true},"minecraft:recipes/misc/map":{"criteria":{"has_compass":"2024-10-06 05:35:15 +0000"},"done":true},"minecraft:recipes/misc/melon_seeds":{"criteria":{"has_melon":"2024-10-06 05:37:53 +0000"},"done":true},"minecraft:recipes/brewing/glistering_melon_slice":{"criteria":{"has_melon":"2024-10-06 05:37:53 +0000"},"done":true},"minecraft:recipes/building_blocks/melon":{"criteria":{"has_melon":"2024-10-06 05:37:53 +0000"},"done":true},"minecraft:recipes/decorations/brown_banner":{"criteria":{"has_brown_wool":"2024-10-06 05:38:44 +0000"},"done":true},"minecraft:recipes/decorations/brown_bed":{"criteria":{"has_brown_wool":"2024-10-06 05:38:44 +0000"},"done":true},"minecraft:recipes/food/cooked_mutton_from_smoking":{"criteria":{"has_mutton":"2024-10-06 05:38:44 +0000"},"done":true},"minecraft:recipes/decorations/brown_carpet":{"criteria":{"has_brown_wool":"2024-10-06 05:38:44 +0000"},"done":true},"minecraft:recipes/food/cooked_mutton":{"criteria":{"has_mutton":"2024-10-06 05:38:44 +0000"},"done":true},"minecraft:recipes/decorations/painting":{"criteria":{"has_wool":"2024-10-06 05:38:44 +0000"},"done":true},"minecraft:recipes/food/cooked_mutton_from_campfire_cooking":{"criteria":{"has_mutton":"2024-10-06 05:38:44 +0000"},"done":true},"minecraft:recipes/decorations/white_banner":{"criteria":{"has_white_wool":"2024-10-06 05:39:04 +0000"},"done":true},"minecraft:recipes/decorations/white_bed":{"criteria":{"has_white_wool":"2024-10-06 05:39:04 +0000"},"done":true},"minecraft:recipes/decorations/white_carpet":{"criteria":{"has_white_wool":"2024-10-06 05:39:04 +0000"},"done":true},"minecraft:recipes/food/cooked_beef_from_smoking":{"criteria":{"has_beef":"2024-10-06 05:41:37 +0000"},"done":true},"minecraft:recipes/food/cooked_beef":{"criteria":{"has_beef":"2024-10-06 05:41:37 +0000"},"done":true},"minecraft:recipes/food/cooked_beef_from_campfire_cooking":{"criteria":{"has_beef":"2024-10-06 05:41:37 +0000"},"done":true},"minecraft:recipes/combat/leather_helmet":{"criteria":{"has_leather":"2024-10-06 05:41:43 +0000"},"done":true},"minecraft:recipes/combat/leather_leggings":{"criteria":{"has_leather":"2024-10-06 05:41:43 +0000"},"done":true},"minecraft:recipes/decorations/item_frame":{"criteria":{"has_leather":"2024-10-06 05:41:43 +0000"},"done":true},"minecraft:recipes/combat/leather_chestplate":{"criteria":{"has_leather":"2024-10-06 05:41:43 +0000"},"done":true},"minecraft:recipes/combat/leather_boots":{"criteria":{"has_leather":"2024-10-06 05:41:43 +0000"},"done":true},"minecraft:recipes/misc/leather_horse_armor":{"criteria":{"has_leather":"2024-10-06 05:41:43 +0000"},"done":true},"minecraft:recipes/building_blocks/bookshelf":{"criteria":{"has_book":"2024-10-06 05:43:01 +0000"},"done":true},"minecraft:recipes/redstone/lectern":{"criteria":{"has_book":"2024-10-06 05:43:01 +0000"},"done":true},"minecraft:recipes/building_blocks/chiseled_bookshelf":{"criteria":{"has_book":"2024-10-06 05:43:01 +0000"},"done":true},"minecraft:recipes/misc/writable_book":{"criteria":{"has_book":"2024-10-06 05:43:01 +0000"},"done":true},"minecraft:recipes/building_blocks/oak_slab":{"criteria":{"has_planks":"2024-10-06 05:45:47 +0000"},"done":true},"minecraft:recipes/decorations/oak_sign":{"criteria":{"has_planks":"2024-10-06 05:45:47 +0000"},"done":true},"minecraft:recipes/redstone/oak_trapdoor":{"criteria":{"has_planks":"2024-10-06 05:45:47 +0000"},"done":true},"minecraft:recipes/redstone/oak_fence_gate":{"criteria":{"has_planks":"2024-10-06 05:45:47 +0000"},"done":true},"minecraft:recipes/redstone/oak_pressure_plate":{"criteria":{"has_planks":"2024-10-06 05:45:47 +0000"},"done":true},"minecraft:recipes/redstone/oak_door":{"criteria":{"has_planks":"2024-10-06 05:45:47 +0000"},"done":true},"minecraft:recipes/building_blocks/oak_stairs":{"criteria":{"has_planks":"2024-10-06 05:45:47 +0000"},"done":true},"minecraft:recipes/decorations/oak_fence":{"criteria":{"has_planks":"2024-10-06 05:45:47 +0000"},"done":true},"minecraft:recipes/redstone/oak_button":{"criteria":{"has_planks":"2024-10-06 05:45:47 +0000"},"done":true},"minecraft:recipes/decorations/composter":{"criteria":{"has_wood_slab":"2024-10-06 05:45:56 +0000"},"done":true},"minecraft:recipes/building_blocks/oak_planks":{"criteria":{"has_logs":"2024-10-06 05:46:01 +0000"},"done":true},"minecraft:recipes/building_blocks/oak_wood":{"criteria":{"has_log":"2024-10-06 05:46:01 +0000"},"done":true},"minecraft:recipes/building_blocks/emerald_block":{"criteria":{"has_emerald":"2024-10-06 05:46:35 +0000"},"done":true},"minecraft:adventure/trade":{"criteria":{"traded":"2024-10-06 05:46:35 +0000"},"done":true},"minecraft:recipes/misc/book":{"criteria":{"has_paper":"2024-10-06 05:46:36 +0000"},"done":true},"minecraft:recipes/decorations/cartography_table":{"criteria":{"has_paper":"2024-10-06 05:46:36 +0000"},"done":true},"minecraft:recipes/building_blocks/polished_deepslate":{"criteria":{"has_cobbled_deepslate":"2024-10-06 05:57:11 +0000"},"done":true},"minecraft:recipes/building_blocks/deepslate_tile_stairs_from_cobbled_deepslate_stonecutting":{"criteria":{"has_cobbled_deepslate":"2024-10-06 05:57:11 +0000"},"done":true},"minecraft:recipes/decorations/deepslate_brick_wall_from_cobbled_deepslate_stonecutting":{"criteria":{"has_cobbled_deepslate":"2024-10-06 05:57:11 +0000"},"done":true},"minecraft:recipes/building_blocks/polished_deepslate_from_cobbled_deepslate_stonecutting":{"criteria":{"has_cobbled_deepslate":"2024-10-06 05:57:11 +0000"},"done":true},"minecraft:recipes/building_blocks/polished_deepslate_slab_from_cobbled_deepslate_stonecutting":{"criteria":{"has_cobbled_deepslate":"2024-10-06 05:57:11 +0000"},"done":true},"minecraft:recipes/building_blocks/deepslate_brick_stairs_from_cobbled_deepslate_stonecutting":{"criteria":{"has_cobbled_deepslate":"2024-10-06 05:57:11 +0000"},"done":true},"minecraft:recipes/building_blocks/deepslate_brick_slab_from_cobbled_deepslate_stonecutting":{"criteria":{"has_cobbled_deepslate":"2024-10-06 05:57:11 +0000"},"done":true},"minecraft:recipes/building_blocks/cobbled_deepslate_slab_from_cobbled_deepslate_stonecutting":{"criteria":{"has_cobbled_deepslate":"2024-10-06 05:57:11 +0000"},"done":true},"minecraft:recipes/building_blocks/deepslate_tile_slab_from_cobbled_deepslate_stonecutting":{"criteria":{"has_cobbled_deepslate":"2024-10-06 05:57:11 +0000"},"done":true},"minecraft:recipes/building_blocks/cobbled_deepslate_stairs":{"criteria":{"has_cobbled_deepslate":"2024-10-06 05:57:11 +0000"},"done":true},"minecraft:recipes/building_blocks/chiseled_deepslate_from_cobbled_deepslate_stonecutting":{"criteria":{"has_cobbled_deepslate":"2024-10-06 05:57:11 +0000"},"done":true},"minecraft:recipes/building_blocks/cobbled_deepslate_slab":{"criteria":{"has_cobbled_deepslate":"2024-10-06 05:57:11 +0000"},"done":true},"minecraft:recipes/decorations/cobbled_deepslate_wall_from_cobbled_deepslate_stonecutting":{"criteria":{"has_cobbled_deepslate":"2024-10-06 05:57:11 +0000"},"done":true},"minecraft:recipes/decorations/deepslate_tile_wall_from_cobbled_deepslate_stonecutting":{"criteria":{"has_cobbled_deepslate":"2024-10-06 05:57:11 +0000"},"done":true},"minecraft:recipes/decorations/cobbled_deepslate_wall":{"criteria":{"has_cobbled_deepslate":"2024-10-06 05:57:11 +0000"},"done":true},"minecraft:recipes/decorations/polished_deepslate_wall_from_cobbled_deepslate_stonecutting":{"criteria":{"has_cobbled_deepslate":"2024-10-06 05:57:11 +0000"},"done":true},"minecraft:recipes/building_blocks/deepslate_bricks_from_cobbled_deepslate_stonecutting":{"criteria":{"has_cobbled_deepslate":"2024-10-06 05:57:11 +0000"},"done":true},"minecraft:recipes/building_blocks/deepslate_tiles_from_cobbled_deepslate_stonecutting":{"criteria":{"has_cobbled_deepslate":"2024-10-06 05:57:11 +0000"},"done":true},"minecraft:recipes/building_blocks/cobbled_deepslate_stairs_from_cobbled_deepslate_stonecutting":{"criteria":{"has_cobbled_deepslate":"2024-10-06 05:57:11 +0000"},"done":true},"minecraft:recipes/building_blocks/deepslate":{"criteria":{"has_cobbled_deepslate":"2024-10-06 05:57:11 +0000"},"done":true},"minecraft:recipes/building_blocks/polished_deepslate_stairs_from_cobbled_deepslate_stonecutting":{"criteria":{"has_cobbled_deepslate":"2024-10-06 05:57:11 +0000"},"done":true},"minecraft:story/iron_tools":{"criteria":{"iron_pickaxe":"2024-10-06 05:58:07 +0000"},"done":true},"minecraft:recipes/combat/diamond_leggings":{"criteria":{"has_diamond":"2024-10-06 05:58:12 +0000"},"done":true},"minecraft:recipes/combat/diamond_sword":{"criteria":{"has_diamond":"2024-10-06 05:58:12 +0000"},"done":true},"minecraft:recipes/decorations/jukebox":{"criteria":{"has_diamond":"2024-10-06 05:58:12 +0000"},"done":true},"minecraft:recipes/combat/diamond_chestplate":{"criteria":{"has_diamond":"2024-10-06 05:58:12 +0000"},"done":true},"minecraft:recipes/combat/diamond_helmet":{"criteria":{"has_diamond":"2024-10-06 05:58:12 +0000"},"done":true},"minecraft:recipes/tools/diamond_pickaxe":{"criteria":{"has_diamond":"2024-10-06 05:58:12 +0000"},"done":true},"minecraft:recipes/building_blocks/diamond_block":{"criteria":{"has_diamond":"2024-10-06 05:58:12 +0000"},"done":true},"minecraft:recipes/tools/diamond_hoe":{"criteria":{"has_diamond":"2024-10-06 05:58:12 +0000"},"done":true},"minecraft:recipes/tools/diamond_shovel":{"criteria":{"has_diamond":"2024-10-06 05:58:12 +0000"},"done":true},"minecraft:story/mine_diamond":{"criteria":{"diamond":"2024-10-06 05:58:12 +0000"},"done":true},"minecraft:recipes/tools/diamond_axe":{"criteria":{"has_diamond":"2024-10-06 05:58:12 +0000"},"done":true},"minecraft:recipes/combat/diamond_boots":{"criteria":{"has_diamond":"2024-10-06 05:58:12 +0000"},"done":true},"minecraft:recipes/misc/gold_ingot_from_nuggets":{"criteria":{"has_gold_nugget":"2024-10-06 05:58:42 +0000"},"done":true},"minecraft:recipes/brewing/golden_carrot":{"criteria":{"has_gold_nugget":"2024-10-06 05:58:42 +0000"},"done":true},"minecraft:recipes/misc/bone_meal":{"criteria":{"has_bone":"2024-10-06 05:58:42 +0000"},"done":true},"minecraft:recipes/misc/blue_dye":{"criteria":{"has_lapis_lazuli":"2024-10-07 19:00:25 +0000"},"done":true},"minecraft:recipes/building_blocks/lapis_block":{"criteria":{"has_lapis_lazuli":"2024-10-07 19:00:25 +0000"},"done":true},"minecraft:recipes/building_blocks/chiseled_tuff_bricks_from_tuff_stonecutting":{"criteria":{"has_tuff":"2024-10-07 19:03:50 +0000"},"done":true},"minecraft:recipes/building_blocks/tuff_bricks_from_tuff_stonecutting":{"criteria":{"has_tuff":"2024-10-07 19:03:50 +0000"},"done":true},"minecraft:recipes/building_blocks/tuff_slab":{"criteria":{"has_tuff":"2024-10-07 19:03:50 +0000"},"done":true},"minecraft:recipes/building_blocks/tuff_brick_slab_from_tuff_stonecutting":{"criteria":{"has_tuff":"2024-10-07 19:03:50 +0000"},"done":true},"minecraft:recipes/decorations/polished_tuff_wall_from_tuff_stonecutting":{"criteria":{"has_tuff":"2024-10-07 19:03:50 +0000"},"done":true},"minecraft:recipes/decorations/tuff_wall":{"criteria":{"has_tuff":"2024-10-07 19:03:50 +0000"},"done":true},"minecraft:recipes/building_blocks/polished_tuff_slab_from_tuff_stonecutting":{"criteria":{"has_tuff":"2024-10-07 19:03:50 +0000"},"done":true},"minecraft:recipes/decorations/tuff_wall_from_tuff_stonecutting":{"criteria":{"has_tuff":"2024-10-07 19:03:50 +0000"},"done":true},"minecraft:recipes/building_blocks/tuff_stairs":{"criteria":{"has_tuff":"2024-10-07 19:03:50 +0000"},"done":true},"minecraft:recipes/decorations/tuff_brick_wall_from_tuff_stonecutting":{"criteria":{"has_tuff":"2024-10-07 19:03:50 +0000"},"done":true},"minecraft:recipes/building_blocks/chiseled_tuff_from_tuff_stonecutting":{"criteria":{"has_tuff":"2024-10-07 19:03:50 +0000"},"done":true},"minecraft:recipes/building_blocks/polished_tuff_stairs_from_tuff_stonecutting":{"criteria":{"has_tuff":"2024-10-07 19:03:50 +0000"},"done":true},"minecraft:recipes/building_blocks/tuff_stairs_from_tuff_stonecutting":{"criteria":{"has_tuff":"2024-10-07 19:03:50 +0000"},"done":true},"minecraft:recipes/building_blocks/tuff_brick_stairs_from_tuff_stonecutting":{"criteria":{"has_tuff":"2024-10-07 19:03:50 +0000"},"done":true},"minecraft:recipes/building_blocks/polished_tuff":{"criteria":{"has_tuff":"2024-10-07 19:03:50 +0000"},"done":true},"minecraft:recipes/building_blocks/tuff_slab_from_tuff_stonecutting":{"criteria":{"has_tuff":"2024-10-07 19:03:50 +0000"},"done":true},"minecraft:recipes/building_blocks/polished_tuff_from_tuff_stonecutting":{"criteria":{"has_tuff":"2024-10-07 19:03:50 +0000"},"done":true},"minecraft:recipes/building_blocks/granite_stairs":{"criteria":{"has_granite":"2024-10-07 19:08:09 +0000"},"done":true},"minecraft:recipes/building_blocks/granite_stairs_from_granite_stonecutting":{"criteria":{"has_granite":"2024-10-07 19:08:09 +0000"},"done":true},"minecraft:recipes/decorations/granite_wall":{"criteria":{"has_granite":"2024-10-07 19:08:09 +0000"},"done":true},"minecraft:recipes/building_blocks/polished_granite_slab_from_granite_stonecutting":{"criteria":{"has_granite":"2024-10-07 19:08:09 +0000"},"done":true},"minecraft:recipes/building_blocks/granite_slab_from_granite_stonecutting":{"criteria":{"has_granite":"2024-10-07 19:08:09 +0000"},"done":true},"minecraft:recipes/building_blocks/polished_granite":{"criteria":{"has_granite":"2024-10-07 19:08:09 +0000"},"done":true},"minecraft:recipes/decorations/granite_wall_from_granite_stonecutting":{"criteria":{"has_granite":"2024-10-07 19:08:09 +0000"},"done":true},"minecraft:recipes/building_blocks/polished_granite_from_granite_stonecutting":{"criteria":{"has_granite":"2024-10-07 19:08:09 +0000"},"done":true},"minecraft:recipes/building_blocks/granite_slab":{"criteria":{"has_granite":"2024-10-07 19:08:09 +0000"},"done":true},"minecraft:recipes/building_blocks/polished_granite_stairs_from_granite_stonecutting":{"criteria":{"has_granite":"2024-10-07 19:08:09 +0000"},"done":true},"minecraft:recipes/redstone/redstone_torch":{"criteria":{"has_redstone":"2024-10-07 19:09:09 +0000"},"done":true},"minecraft:recipes/tools/clock":{"criteria":{"has_redstone":"2024-10-07 19:09:09 +0000"},"done":true},"minecraft:recipes/redstone/dropper":{"criteria":{"has_redstone":"2024-10-07 19:09:09 +0000"},"done":true},"minecraft:recipes/redstone/redstone_block":{"criteria":{"has_redstone":"2024-10-07 19:09:09 +0000"},"done":true},"minecraft:recipes/redstone/note_block":{"criteria":{"has_redstone":"2024-10-07 19:09:09 +0000"},"done":true},"minecraft:recipes/redstone/target":{"criteria":{"has_redstone":"2024-10-07 19:09:09 +0000"},"done":true},"minecraft:recipes/tools/compass":{"criteria":{"has_redstone":"2024-10-07 19:09:09 +0000"},"done":true},"minecraft:recipes/redstone/piston":{"criteria":{"has_redstone":"2024-10-07 19:09:09 +0000"},"done":true},"minecraft:recipes/building_blocks/diorite_stairs_from_diorite_stonecutting":{"criteria":{"has_diorite":"2024-10-07 19:09:32 +0000"},"done":true},"minecraft:recipes/building_blocks/polished_diorite":{"criteria":{"has_diorite":"2024-10-07 19:09:32 +0000"},"done":true},"minecraft:recipes/building_blocks/diorite_slab":{"criteria":{"has_diorite":"2024-10-07 19:09:32 +0000"},"done":true},"minecraft:recipes/decorations/diorite_wall_from_diorite_stonecutting":{"criteria":{"has_diorite":"2024-10-07 19:09:32 +0000"},"done":true},"minecraft:recipes/building_blocks/andesite":{"criteria":{"has_stone":"2024-10-07 19:09:32 +0000"},"done":true},"minecraft:recipes/building_blocks/polished_diorite_from_diorite_stonecutting":{"criteria":{"has_diorite":"2024-10-07 19:09:32 +0000"},"done":true},"minecraft:recipes/decorations/diorite_wall":{"criteria":{"has_diorite":"2024-10-07 19:09:32 +0000"},"done":true},"minecraft:recipes/building_blocks/diorite_slab_from_diorite_stonecutting":{"criteria":{"has_diorite":"2024-10-07 19:09:32 +0000"},"done":true},"minecraft:recipes/building_blocks/polished_diorite_slab_from_diorite_stonecutting":{"criteria":{"has_diorite":"2024-10-07 19:09:32 +0000"},"done":true},"minecraft:recipes/building_blocks/polished_diorite_stairs_from_diorite_stonecutting":{"criteria":{"has_diorite":"2024-10-07 19:09:32 +0000"},"done":true},"minecraft:recipes/building_blocks/diorite_stairs":{"criteria":{"has_diorite":"2024-10-07 19:09:32 +0000"},"done":true},"minecraft:recipes/building_blocks/lime_concrete_powder":{"criteria":{"has_gravel":"2024-10-07 19:09:49 +0000"},"done":true},"minecraft:recipes/building_blocks/coarse_dirt":{"criteria":{"has_gravel":"2024-10-07 19:09:49 +0000"},"done":true},"minecraft:recipes/building_blocks/light_gray_concrete_powder":{"criteria":{"has_gravel":"2024-10-07 19:09:49 +0000"},"done":true},"minecraft:recipes/building_blocks/pink_concrete_powder":{"criteria":{"has_gravel":"2024-10-07 19:09:49 +0000"},"done":true},"minecraft:recipes/building_blocks/orange_concrete_powder":{"criteria":{"has_gravel":"2024-10-07 19:09:49 +0000"},"done":true},"minecraft:recipes/building_blocks/red_concrete_powder":{"criteria":{"has_gravel":"2024-10-07 19:09:49 +0000"},"done":true},"minecraft:recipes/building_blocks/magenta_concrete_powder":{"criteria":{"has_gravel":"2024-10-07 19:09:49 +0000"},"done":true},"minecraft:recipes/building_blocks/brown_concrete_powder":{"criteria":{"has_gravel":"2024-10-07 19:09:49 +0000"},"done":true},"minecraft:recipes/building_blocks/light_blue_concrete_powder":{"criteria":{"has_gravel":"2024-10-07 19:09:49 +0000"},"done":true},"minecraft:recipes/building_blocks/green_concrete_powder":{"criteria":{"has_gravel":"2024-10-07 19:09:49 +0000"},"done":true},"minecraft:recipes/building_blocks/blue_concrete_powder":{"criteria":{"has_gravel":"2024-10-07 19:09:49 +0000"},"done":true},"minecraft:recipes/building_blocks/yellow_concrete_powder":{"criteria":{"has_gravel":"2024-10-07 19:09:49 +0000"},"done":true},"minecraft:recipes/building_blocks/white_concrete_powder":{"criteria":{"has_gravel":"2024-10-07 19:09:49 +0000"},"done":true},"minecraft:recipes/building_blocks/gray_concrete_powder":{"criteria":{"has_gravel":"2024-10-07 19:09:49 +0000"},"done":true},"minecraft:recipes/building_blocks/black_concrete_powder":{"criteria":{"has_gravel":"2024-10-07 19:09:49 +0000"},"done":true},"minecraft:recipes/building_blocks/purple_concrete_powder":{"criteria":{"has_gravel":"2024-10-07 19:09:49 +0000"},"done":true},"minecraft:recipes/building_blocks/cyan_concrete_powder":{"criteria":{"has_gravel":"2024-10-07 19:09:49 +0000"},"done":true},"minecraft:recipes/misc/copper_ingot_from_blasting_raw_copper":{"criteria":{"has_raw_copper":"2024-10-07 19:09:56 +0000"},"done":true},"minecraft:recipes/building_blocks/raw_copper_block":{"criteria":{"has_raw_copper":"2024-10-07 19:09:56 +0000"},"done":true},"minecraft:recipes/misc/copper_ingot_from_smelting_raw_copper":{"criteria":{"has_raw_copper":"2024-10-07 19:09:56 +0000"},"done":true},"minecraft:recipes/combat/bow":{"criteria":{"has_string":"2024-10-07 19:16:40 +0000"},"done":true},"minecraft:recipes/tools/fishing_rod":{"criteria":{"has_string":"2024-10-07 19:16:40 +0000"},"done":true},"minecraft:recipes/building_blocks/white_wool_from_string":{"criteria":{"has_string":"2024-10-07 19:16:40 +0000"},"done":true},"minecraft:recipes/redstone/tripwire_hook":{"criteria":{"has_string":"2024-10-07 19:16:40 +0000"},"done":true},"minecraft:recipes/decorations/candle":{"criteria":{"has_string":"2024-10-07 19:16:40 +0000"},"done":true},"minecraft:recipes/decorations/loom":{"criteria":{"has_string":"2024-10-07 19:16:40 +0000"},"done":true},"minecraft:recipes/misc/iron_ingot_from_iron_block":{"criteria":{"has_iron_block":"2024-10-07 19:18:27 +0000"},"done":true},"minecraft:recipes/decorations/anvil":{"criteria":{"has_iron_block":"2024-10-07 19:18:27 +0000"},"done":true},"minecraft:story/shiny_gear":{"criteria":{"diamond_chestplate":"2024-10-07 19:19:14 +0000"},"done":true},"minecraft:recipes/misc/yellow_dye_from_dandelion":{"criteria":{"has_dandelion":"2024-10-07 19:24:56 +0000"},"done":true},"minecraft:recipes/food/bread":{"criteria":{"has_wheat":"2024-10-07 20:23:34 +0000"},"done":true},"minecraft:recipes/building_blocks/hay_block":{"criteria":{"has_wheat":"2024-10-07 20:23:34 +0000"},"done":true},"minecraft:husbandry/plant_seed":{"criteria":{"wheat":"2024-10-07 20:23:35 +0000"},"done":true},"minecraft:recipes/food/cake":{"criteria":{"has_egg":"2024-10-07 20:26:39 +0000"},"done":true},"minecraft:recipes/building_blocks/dripstone_block":{"criteria":{"has_pointed_dripstone":"2024-10-07 20:29:25 +0000"},"done":true},"minecraft:recipes/food/baked_potato_from_campfire_cooking":{"criteria":{"has_potato":"2024-10-08 19:30:50 +0000"},"done":true},"minecraft:recipes/food/baked_potato_from_smoking":{"criteria":{"has_potato":"2024-10-08 19:30:50 +0000"},"done":true},"minecraft:recipes/food/baked_potato":{"criteria":{"has_potato":"2024-10-08 19:30:50 +0000"},"done":true},"minecraft:recipes/decorations/moss_carpet":{"criteria":{"has_moss_block":"2024-10-08 19:31:35 +0000"},"done":true},"minecraft:recipes/building_blocks/mossy_cobblestone_from_moss_block":{"criteria":{"has_moss_block":"2024-10-08 19:31:35 +0000"},"done":true},"minecraft:recipes/building_blocks/mossy_stone_bricks_from_moss_block":{"criteria":{"has_moss_block":"2024-10-08 19:31:35 +0000"},"done":true},"minecraft:recipes/decorations/fletching_table":{"criteria":{"has_flint":"2024-10-08 19:32:29 +0000"},"done":true},"minecraft:recipes/tools/flint_and_steel":{"criteria":{"has_flint":"2024-10-08 19:32:29 +0000"},"done":true},"minecraft:recipes/misc/iron_ingot_from_nuggets":{"criteria":{"has_iron_nugget":"2024-10-08 19:32:29 +0000"},"done":true},"minecraft:recipes/misc/gold_nugget_from_smelting":{"criteria":{"has_golden_shovel":"2024-10-08 19:32:31 +0000"},"done":true},"minecraft:recipes/misc/gold_nugget_from_blasting":{"criteria":{"has_golden_shovel":"2024-10-08 19:32:31 +0000"},"done":true},"minecraft:story/form_obsidian":{"criteria":{"obsidian":"2024-10-08 19:33:19 +0000"},"done":true},"minecraft:recipes/decorations/enchanting_table":{"criteria":{"has_obsidian":"2024-10-08 19:33:19 +0000"},"done":true},"minecraft:recipes/decorations/stone_brick_wall":{"criteria":{"has_stone_bricks":"2024-10-08 19:34:34 +0000"},"done":true},"minecraft:recipes/building_blocks/stone_brick_slab_from_stone_bricks_stonecutting":{"criteria":{"has_stone_bricks":"2024-10-08 19:34:34 +0000"},"done":true},"minecraft:recipes/building_blocks/cracked_stone_bricks":{"criteria":{"has_stone_bricks":"2024-10-08 19:34:34 +0000"},"done":true},"minecraft:recipes/building_blocks/stone_brick_stairs_from_stone_bricks_stonecutting":{"criteria":{"has_stone_bricks":"2024-10-08 19:34:34 +0000"},"done":true},"minecraft:recipes/building_blocks/stone_brick_slab":{"criteria":{"has_stone_bricks":"2024-10-08 19:34:34 +0000"},"done":true},"minecraft:recipes/building_blocks/stone_brick_stairs":{"criteria":{"has_stone_bricks":"2024-10-08 19:34:34 +0000"},"done":true},"minecraft:recipes/building_blocks/chiseled_stone_bricks_from_stone_bricks_stonecutting":{"criteria":{"has_stone_bricks":"2024-10-08 19:34:34 +0000"},"done":true},"minecraft:recipes/building_blocks/chiseled_stone_bricks":{"criteria":{"has_tag":"2024-10-08 19:34:34 +0000"},"done":true},"minecraft:recipes/decorations/stone_brick_wall_from_stone_bricks_stonecutting":{"criteria":{"has_stone_bricks":"2024-10-08 19:34:34 +0000"},"done":true},"minecraft:recipes/building_blocks/mossy_stone_brick_stairs":{"criteria":{"has_mossy_stone_bricks":"2024-10-08 19:34:39 +0000"},"done":true},"minecraft:recipes/decorations/mossy_stone_brick_wall":{"criteria":{"has_mossy_stone_bricks":"2024-10-08 19:34:39 +0000"},"done":true},"minecraft:recipes/building_blocks/mossy_stone_brick_slab":{"criteria":{"has_mossy_stone_bricks":"2024-10-08 19:34:39 +0000"},"done":true},"minecraft:recipes/building_blocks/mossy_stone_brick_stairs_from_mossy_stone_brick_stonecutting":{"criteria":{"has_mossy_stone_bricks":"2024-10-08 19:34:39 +0000"},"done":true},"minecraft:recipes/decorations/mossy_stone_brick_wall_from_mossy_stone_brick_stonecutting":{"criteria":{"has_mossy_stone_bricks":"2024-10-08 19:34:39 +0000"},"done":true},"minecraft:recipes/building_blocks/mossy_stone_brick_slab_from_mossy_stone_brick_stonecutting":{"criteria":{"has_mossy_stone_bricks":"2024-10-08 19:34:39 +0000"},"done":true},"minecraft:recipes/transportation/dark_oak_chest_boat":{"criteria":{"has_boat":"2024-10-08 19:44:48 +0000"},"done":true},"minecraft:recipes/transportation/bamboo_chest_raft":{"criteria":{"has_boat":"2024-10-08 19:44:48 +0000"},"done":true},"minecraft:recipes/transportation/spruce_chest_boat":{"criteria":{"has_boat":"2024-10-08 19:44:48 +0000"},"done":true},"minecraft:recipes/transportation/jungle_chest_boat":{"criteria":{"has_boat":"2024-10-08 19:44:48 +0000"},"done":true},"minecraft:recipes/transportation/acacia_chest_boat":{"criteria":{"has_boat":"2024-10-08 19:44:48 +0000"},"done":true},"minecraft:recipes/transportation/mangrove_chest_boat":{"criteria":{"has_boat":"2024-10-08 19:44:48 +0000"},"done":true},"minecraft:recipes/transportation/oak_chest_boat":{"criteria":{"has_boat":"2024-10-08 19:44:48 +0000"},"done":true},"minecraft:recipes/transportation/cherry_chest_boat":{"criteria":{"has_boat":"2024-10-08 19:44:48 +0000"},"done":true},"minecraft:recipes/transportation/birch_chest_boat":{"criteria":{"has_boat":"2024-10-08 19:44:48 +0000"},"done":true},"minecraft:recipes/misc/wheat":{"criteria":{"has_hay_block":"2024-10-08 19:46:21 +0000"},"done":true},"minecraft:recipes/building_blocks/glass":{"criteria":{"has_smelts_to_glass":"2024-10-08 19:55:08 +0000"},"done":true},"minecraft:recipes/building_blocks/sandstone":{"criteria":{"has_sand":"2024-10-08 19:55:08 +0000"},"done":true},"minecraft:recipes/misc/firework_rocket_simple":{"criteria":{"has_gunpowder":"2024-10-08 20:00:17 +0000"},"done":true},"minecraft:recipes/redstone/tnt":{"criteria":{"has_gunpowder":"2024-10-08 20:00:17 +0000"},"done":true},"minecraft:recipes/misc/gold_ingot_from_gold_block":{"criteria":{"has_gold_block":"2024-10-08 20:03:03 +0000"},"done":true},"minecraft:recipes/decorations/orange_glazed_terracotta":{"criteria":{"has_orange_terracotta":"2024-10-08 20:08:00 +0000"},"done":true},"minecraft:recipes/misc/dune_armor_trim_smithing_template":{"criteria":{"has_dune_armor_trim_smithing_template":"2024-10-08 20:08:10 +0000"},"done":true},"minecraft:recipes/misc/dune_armor_trim_smithing_template_smithing_trim":{"criteria":{"has_smithing_trim_template":"2024-10-08 20:08:10 +0000"},"done":true},"minecraft:recipes/building_blocks/cut_sandstone_slab":{"criteria":{"has_cut_sandstone":"2024-10-08 20:08:40 +0000"},"done":true},"minecraft:recipes/building_blocks/cut_sandstone_slab_from_cut_sandstone_stonecutting":{"criteria":{"has_cut_sandstone":"2024-10-08 20:08:40 +0000"},"done":true},"minecraft:nether/root":{"criteria":{"entered_nether":"2024-10-08 20:24:06 +0000"},"done":true},"minecraft:story/enter_the_nether":{"criteria":{"entered_nether":"2024-10-08 20:24:06 +0000"},"done":true},"minecraft:nether/explore_nether":{"criteria":{"minecraft:crimson_forest":"2024-10-08 20:24:07 +0000","minecraft:nether_wastes":"2024-10-08 20:30:47 +0000","minecraft:soul_sand_valley":"2024-10-08 20:32:00 +0000","minecraft:basalt_deltas":"2024-10-08 20:33:34 +0000","minecraft:warped_forest":"2024-10-08 20:29:19 +0000"},"done":true},"minecraft:recipes/building_blocks/crimson_planks":{"criteria":{"has_logs":"2024-10-08 20:24:51 +0000"},"done":true},"minecraft:recipes/building_blocks/crimson_hyphae":{"criteria":{"has_log":"2024-10-08 20:24:51 +0000"},"done":true},"minecraft:recipes/redstone/crimson_button":{"criteria":{"has_planks":"2024-10-08 20:24:53 +0000"},"done":true},"minecraft:recipes/building_blocks/crimson_slab":{"criteria":{"has_planks":"2024-10-08 20:24:53 +0000"},"done":true},"minecraft:recipes/building_blocks/crimson_stairs":{"criteria":{"has_planks":"2024-10-08 20:24:53 +0000"},"done":true},"minecraft:recipes/redstone/crimson_pressure_plate":{"criteria":{"has_planks":"2024-10-08 20:24:53 +0000"},"done":true},"minecraft:recipes/decorations/crimson_fence":{"criteria":{"has_planks":"2024-10-08 20:24:53 +0000"},"done":true},"minecraft:recipes/decorations/crimson_sign":{"criteria":{"has_planks":"2024-10-08 20:24:53 +0000"},"done":true},"minecraft:recipes/redstone/crimson_fence_gate":{"criteria":{"has_planks":"2024-10-08 20:24:53 +0000"},"done":true},"minecraft:recipes/redstone/crimson_door":{"criteria":{"has_planks":"2024-10-08 20:24:53 +0000"},"done":true},"minecraft:recipes/redstone/crimson_trapdoor":{"criteria":{"has_planks":"2024-10-08 20:24:53 +0000"},"done":true},"minecraft:recipes/misc/nether_brick":{"criteria":{"has_netherrack":"2024-10-08 20:28:02 +0000"},"done":true},"minecraft:recipes/building_blocks/warped_planks":{"criteria":{"has_logs":"2024-10-08 20:29:21 +0000"},"done":true},"minecraft:recipes/building_blocks/warped_hyphae":{"criteria":{"has_log":"2024-10-08 20:29:21 +0000"},"done":true},"minecraft:recipes/redstone/warped_pressure_plate":{"criteria":{"has_planks":"2024-10-08 20:29:35 +0000"},"done":true},"minecraft:recipes/building_blocks/warped_slab":{"criteria":{"has_planks":"2024-10-08 20:29:35 +0000"},"done":true},"minecraft:recipes/redstone/warped_fence_gate":{"criteria":{"has_planks":"2024-10-08 20:29:35 +0000"},"done":true},"minecraft:recipes/decorations/warped_fence":{"criteria":{"has_planks":"2024-10-08 20:29:35 +0000"},"done":true},"minecraft:recipes/redstone/warped_button":{"criteria":{"has_planks":"2024-10-08 20:29:35 +0000"},"done":true},"minecraft:recipes/building_blocks/warped_stairs":{"criteria":{"has_planks":"2024-10-08 20:29:35 +0000"},"done":true},"minecraft:recipes/redstone/warped_trapdoor":{"criteria":{"has_planks":"2024-10-08 20:29:35 +0000"},"done":true},"minecraft:recipes/decorations/warped_sign":{"criteria":{"has_planks":"2024-10-08 20:29:35 +0000"},"done":true},"minecraft:recipes/redstone/warped_door":{"criteria":{"has_planks":"2024-10-08 20:29:35 +0000"},"done":true},"minecraft:recipes/building_blocks/glowstone":{"criteria":{"has_glowstone_dust":"2024-10-08 20:31:15 +0000"},"done":true},"minecraft:recipes/combat/spectral_arrow":{"criteria":{"has_glowstone_dust":"2024-10-08 20:31:15 +0000"},"done":true},"minecraft:recipes/decorations/soul_campfire":{"criteria":{"has_soul_sand":"2024-10-08 20:32:01 +0000"},"done":true},"minecraft:recipes/decorations/soul_torch":{"criteria":{"has_soul_sand":"2024-10-08 20:32:01 +0000"},"done":true},"minecraft:recipes/building_blocks/blackstone_stairs":{"criteria":{"has_blackstone":"2024-10-08 20:33:28 +0000"},"done":true},"minecraft:recipes/building_blocks/blackstone_slab_from_blackstone_stonecutting":{"criteria":{"has_blackstone":"2024-10-08 20:33:28 +0000"},"done":true},"minecraft:recipes/decorations/polished_blackstone_brick_wall_from_blackstone_stonecutting":{"criteria":{"has_blackstone":"2024-10-08 20:33:28 +0000"},"done":true},"minecraft:recipes/building_blocks/polished_blackstone_slab_from_blackstone_stonecutting":{"criteria":{"has_blackstone":"2024-10-08 20:33:28 +0000"},"done":true},"minecraft:recipes/building_blocks/polished_blackstone":{"criteria":{"has_blackstone":"2024-10-08 20:33:28 +0000"},"done":true},"minecraft:recipes/decorations/blackstone_wall":{"criteria":{"has_blackstone":"2024-10-08 20:33:28 +0000"},"done":true},"minecraft:recipes/building_blocks/blackstone_slab":{"criteria":{"has_blackstone":"2024-10-08 20:33:28 +0000"},"done":true},"minecraft:recipes/building_blocks/polished_blackstone_brick_slab_from_blackstone_stonecutting":{"criteria":{"has_blackstone":"2024-10-08 20:33:28 +0000"},"done":true},"minecraft:recipes/building_blocks/polished_blackstone_from_blackstone_stonecutting":{"criteria":{"has_blackstone":"2024-10-08 20:33:28 +0000"},"done":true},"minecraft:recipes/building_blocks/polished_blackstone_brick_stairs_from_blackstone_stonecutting":{"criteria":{"has_blackstone":"2024-10-08 20:33:28 +0000"},"done":true},"minecraft:recipes/building_blocks/polished_blackstone_bricks_from_blackstone_stonecutting":{"criteria":{"has_blackstone":"2024-10-08 20:33:28 +0000"},"done":true},"minecraft:recipes/decorations/blackstone_wall_from_blackstone_stonecutting":{"criteria":{"has_blackstone":"2024-10-08 20:33:28 +0000"},"done":true},"minecraft:recipes/building_blocks/polished_blackstone_stairs_from_blackstone_stonecutting":{"criteria":{"has_blackstone":"2024-10-08 20:33:28 +0000"},"done":true},"minecraft:recipes/decorations/polished_blackstone_wall_from_blackstone_stonecutting":{"criteria":{"has_blackstone":"2024-10-08 20:33:28 +0000"},"done":true},"minecraft:recipes/building_blocks/chiseled_polished_blackstone_from_blackstone_stonecutting":{"criteria":{"has_blackstone":"2024-10-08 20:33:28 +0000"},"done":true},"minecraft:recipes/building_blocks/blackstone_stairs_from_blackstone_stonecutting":{"criteria":{"has_blackstone":"2024-10-08 20:33:28 +0000"},"done":true},"minecraft:recipes/building_blocks/smooth_basalt":{"criteria":{"has_basalt":"2024-10-08 20:34:31 +0000"},"done":true},"minecraft:recipes/building_blocks/polished_basalt_from_basalt_stonecutting":{"criteria":{"has_basalt":"2024-10-08 20:34:31 +0000"},"done":true},"minecraft:recipes/building_blocks/polished_basalt":{"criteria":{"has_basalt":"2024-10-08 20:34:31 +0000"},"done":true},"minecraft:recipes/misc/bowl":{"criteria":{"has_red_mushroom":"2024-10-08 20:36:48 +0000"},"done":true},"minecraft:recipes/food/mushroom_stew":{"criteria":{"has_red_mushroom":"2024-10-08 20:36:48 +0000"},"done":true},"minecraft:husbandry/tame_an_animal":{"criteria":{"tamed_animal":"2024-10-08 20:54:46 +0000"},"done":true},"minecraft:recipes/building_blocks/jungle_wood":{"criteria":{"has_log":"2024-10-08 20:55:10 +0000"},"done":true},"minecraft:recipes/building_blocks/jungle_planks":{"criteria":{"has_logs":"2024-10-08 20:55:10 +0000"},"done":true},"minecraft:recipes/redstone/jungle_trapdoor":{"criteria":{"has_planks":"2024-10-08 20:55:15 +0000"},"done":true},"minecraft:recipes/decorations/jungle_sign":{"criteria":{"has_planks":"2024-10-08 20:55:15 +0000"},"done":true},"minecraft:recipes/redstone/jungle_door":{"criteria":{"has_planks":"2024-10-08 20:55:15 +0000"},"done":true},"minecraft:recipes/decorations/jungle_fence":{"criteria":{"has_planks":"2024-10-08 20:55:15 +0000"},"done":true},"minecraft:recipes/redstone/jungle_pressure_plate":{"criteria":{"has_planks":"2024-10-08 20:55:15 +0000"},"done":true},"minecraft:recipes/redstone/jungle_button":{"criteria":{"has_planks":"2024-10-08 20:55:15 +0000"},"done":true},"minecraft:recipes/building_blocks/jungle_slab":{"criteria":{"has_planks":"2024-10-08 20:55:15 +0000"},"done":true},"minecraft:recipes/building_blocks/jungle_stairs":{"criteria":{"has_planks":"2024-10-08 20:55:15 +0000"},"done":true},"minecraft:recipes/redstone/jungle_fence_gate":{"criteria":{"has_planks":"2024-10-08 20:55:15 +0000"},"done":true},"minecraft:recipes/building_blocks/stone_bricks":{"criteria":{"has_stone":"2024-10-08 22:43:25 +0000"},"done":true},"minecraft:recipes/building_blocks/polished_blackstone_brick_slab":{"criteria":{"has_polished_blackstone_bricks":"2024-10-08 22:44:52 +0000"},"done":true},"minecraft:recipes/building_blocks/stone_brick_slab_from_stone_stonecutting":{"criteria":{"has_stone":"2024-10-08 22:43:25 +0000"},"done":true},"minecraft:recipes/building_blocks/stone_brick_stairs_from_stone_stonecutting":{"criteria":{"has_stone":"2024-10-08 22:43:25 +0000"},"done":true},"minecraft:recipes/building_blocks/polished_blackstone_brick_stairs":{"criteria":{"has_polished_blackstone_bricks":"2024-10-08 22:44:52 +0000"},"done":true},"minecraft:recipes/building_blocks/stone_slab_from_stone_stonecutting":{"criteria":{"has_stone":"2024-10-08 22:43:25 +0000"},"done":true},"minecraft:recipes/building_blocks/stone_bricks_from_stone_stonecutting":{"criteria":{"has_stone":"2024-10-08 22:43:25 +0000"},"done":true},"minecraft:recipes/building_blocks/stone_slab":{"criteria":{"has_stone":"2024-10-08 22:43:25 +0000"},"done":true},"minecraft:recipes/decorations/polished_blackstone_brick_wall_from_polished_blackstone_bricks_stonecutting":{"criteria":{"has_polished_blackstone_bricks":"2024-10-08 22:44:52 +0000"},"done":true},"minecraft:recipes/building_blocks/cracked_polished_blackstone_bricks":{"criteria":{"has_polished_blackstone_bricks":"2024-10-08 22:44:52 +0000"},"done":true},"minecraft:recipes/building_blocks/chiseled_stone_bricks_stone_from_stonecutting":{"criteria":{"has_stone":"2024-10-08 22:43:25 +0000"},"done":true},"minecraft:recipes/building_blocks/polished_blackstone_brick_slab_from_polished_blackstone_bricks_stonecutting":{"criteria":{"has_polished_blackstone_bricks":"2024-10-08 22:44:52 +0000"},"done":true},"minecraft:recipes/building_blocks/stone_stairs_from_stone_stonecutting":{"criteria":{"has_stone":"2024-10-08 22:43:25 +0000"},"done":true},"minecraft:recipes/decorations/polished_blackstone_brick_wall":{"criteria":{"has_polished_blackstone_bricks":"2024-10-08 22:44:52 +0000"},"done":true},"minecraft:recipes/redstone/stone_button":{"criteria":{"has_stone":"2024-10-08 22:43:25 +0000"},"done":true},"minecraft:recipes/decorations/stonecutter":{"criteria":{"has_stone":"2024-10-08 22:43:25 +0000"},"done":true},"minecraft:recipes/redstone/stone_pressure_plate":{"criteria":{"has_stone":"2024-10-08 22:43:25 +0000"},"done":true},"minecraft:recipes/building_blocks/smooth_stone":{"criteria":{"has_stone":"2024-10-08 22:43:25 +0000"},"done":true},"minecraft:recipes/food/dried_kelp":{"criteria":{"has_dried_kelp_block":"2024-10-08 22:41:41 +0000"},"done":true},"minecraft:recipes/building_blocks/polished_blackstone_brick_stairs_from_polished_blackstone_bricks_stonecutting":{"criteria":{"has_polished_blackstone_bricks":"2024-10-08 22:44:52 +0000"},"done":true},"minecraft:recipes/decorations/stone_brick_walls_from_stone_stonecutting":{"criteria":{"has_stone":"2024-10-08 22:43:25 +0000"},"done":true},"minecraft:recipes/building_blocks/stone_stairs":{"criteria":{"has_stone":"2024-10-08 22:43:25 +0000"},"done":true},"DataVersion":3955}